23741
23742
23743
23744
23745
23746
23747
23748
23749
23750
23751
23752
23753
23754
26937
26940
33026
33027
33028
33029
33030
33031
33032
33033
33176
42842
42843
42844
42845
42846
46310
46312
46315
46317
46321
46322
46324
46328
46337
46345
46348
46353
46355
46357
46359
46360
53330
53332
53333
53334
53335
53336
53340
53341
53342
53343
53697
53698
53699
53700
53701
53702
53703
53704
53705
53706
53707
53708
53709
53710
53711
53712
54407
54408
54409
54410
54411
54412
54413
60040
60041
60647
60648
60649
72618
72619
72620
72621
72622
72623
72624
72625
72626
72627
72628
72629
72630
72631
72632
72633
72634
72635
72636
72637
72638
72639
72640
72641
72642
72643
72644
72645
72646
72647
72648
72649
72650
72651
72652
72653
72654
72655
72656
72657
72658
72659
72660
72661
72662
76902
76903
76904
83338
83339
83340
83342
83343
83344
83345
83346
83347
83348
83349
83350
83351
83352
83353
83354
83355
83356
83357
83358
83359
83360
83361
83362
83363
83364
83365
83366
83367
83368
83369
83370
83371
83372
83373
83374
83375
83376
83377
83378
83379
83380
83381
83382
83383
83384
83385
83386
83387
83388
83389
83390
83391
83392
83393
83394
83395
83396
83397
83398
83399
83400
83401
83402
83403
83404
83405
83406
83407
83408
83409
83410
83411
83412
83413
83414
83415
83416
83417
83418
83419
83420
83421
83422
83423
83424
83425
83426
83427
83428
83429
83430
83431
83432
83433
83434
83435
83436
83437
83438
83439
83440
83441
83442
83443
83444
83445
83446
83447
83449
83450
83451
83452
83453
83454
83455
83456
83457
83458
83459
83460
83461
83462
83463
83464
83465
83466
83467
83468
83469
83470
83471
83472
83473
83474
83475
83476
83477
83478
83479
83480
83481
83482
83483
83484
83485
83486
83487
83488
83489
83490
83491
83492
83493
83494
83495
83496
83497
83498
83499
83500
83501
83502
83503
83504
83505
83506
83507
83508
83509
83510
83511
83512
83513
83514
83515
83516
83517
83518
83519
83520
83521
83522
83523
83524
83525
83526
83527
83528
83529
83530
83531
83532
83533
83534
83535
83536
83537
83538
83539
83540
83541
83542
83543
83544
83545
83546
83547
83548
83549
83550
83551
83552
83553
83554
83555
83556
83557
83558
83559
83560
83561
83562
83563
83564
83565
83566
83567
83568
83569
83570
83571
83572
83573
83574
83575
83576
83577
83578
83579
83580
83581
83582
83583
83584
83585
83587
83588
83589
83590
83591
83592
83593
83594
83595
83596
83597
83598
83599
83600
83601
83602
83603
83604
83605
83606
83607
83608
83609
83610
83611
83612
83613
83614
83615
83616
83617
83618
83619
83620
83621
83622
83623
83624
83625
83626
83627
83628
83629
83630
83631
83632
83633
83634
83635
83636
83637
83638
83639
83640
83641
83642
83643
83644
83645
83646
83647
83648
83649
83650
83651
83652
83653
83654
83655
83656
83657
83658
83659
83660
83661
83662
83663
83665
83666
83667
83668
83669
83670
83671
83672
83673
83674
83675
83676
83677
83678
83679
83680
83681
83682
83683
83684
83685
83686
83687
83688
83689
83690
83691
83692
83693
83694
83695
83696
83697
83698
83699
83700
83701
83702
83703
83704
83705
83706
83707
83708
83709
83710
83711
83712
83713
83714
83715
83716
83717
83718
83719
83720
83721
83722
83723
83724
83725
83726
83727
83728
83729
83730
83731
83732
83733
83734
83735
83736
83737
83738
83739
83740
83741
83742
83743
83744
83745
83746
83747
83748
83749
83752
83753
83754
83755
83756
83757
83758
83759
83760
83761
83762
83763
83764
83765
83766
83767
83768
83770
83771
83772
83773
83774
83775
83776
83777
83778
83779
83780
83781
83782
83783
83784
83785
83786
83787
83788
83789
83790
83791
83792
83793
83794
83795
83796
83797
83798
83799
83800
83801
83802
83803
83804
83805
83806
83807
83808
83809
83811
83812
83813
83814
83815
83816
84424
84429
84430
84436
84440
84441
84448
84450
84451
84457
84466
84469
84470
84475
84478
84479
84491
84496
84500
87661
87662
87663
87664
87665
89004
89005
89006
89007
89008
89009
89010
89011
89012
89013
89014
89015
89016
89017
89018
89019
89020
89021
89022
89023
89024
89025
89026
89027
89028
89029
89030
89031
89032
89033
89034
89035
89036
89037
89038
89039
89040
89041
89042
89043
89044
89045
89046
89047
89048
89049
89050
89051
89052
89053
89054
89055
89056
89057
89470
89471
89472
89648
89649
89650
89651
89652
89653
89654
89655
89656
89657
89658
89659
89660
89661
89662
89663
89664
89665
89666
89667
89668
89669
89670
89671
89672
89673
89674
89675
89676
89677
89678
89679
89680
89681
89682
89683
89684
89685
89686
89687
89688
89689
89690
89691
89692
89693
89694
89695
89696
89697
89698
89699
89700
89701
89702
89703
89706
89707
89708
89710
89711
89712
89713
89714
89715
89717
89718
89720
89722
89723
89724
89726
89727
89728
89729
89730
89732
89733
89734
89736
89737
91163
91164
91166
91173
91182
91183
91185
91198
91203
91327
91328
91329
91330
91331
91332
91333
91334
91335
91336
91337
91338
91339
91340
91341
91342
91343
91344
91345
91346
91347
91348
91349
91350
91351
91352
91353
91354
91355
91356
91357
91358
91359
91360
91361
91362
91363
91364
91365
91366
91367
91368
91369
91370
91371
91372
91373
91374
91375
91376
91377
91378
91379
91380
91381
91382
91383
91384
91385
92021
103497
103498
103499
104303
104304
104305
104306
104307
104308
104309
104310
104311
104312
104313
104314
104315
104316
104317
104318
104319
104320
104321
104322
104323
104324
104325
104326
104327
104328
104329
104330
104331
104332
104333
104334
104335
104336
104337
104338
104339
104340
104341
104342
104343
104344
104345
104346
104347
104348
104349
104350
104351
104352
104353
104354
104355
104356
104357
104358
104359
104360
104361
104362
104363
104364
104365
104366
104367
104368
104369
104370
104371
104372
104373
104374
104375
104376
104377
104378
104379
104380
104381
104382
104383
104384
104385
104386
104387
104388
104389
104390
104391
104392
104393
104491
104492
104493
104494
104495
104496
104497
104498
104499
104500
104501
104502
104503
104504
104505
105036
105037
105038
105039
105040
105041
105042
108754
108758
108759
108760
108761
108762
108763
108764
108765
108766
108767
108768
108769
108770
108771
108772
108773
108774
108775
108776
108777
108778
108779
108780
108781
108782
108783
108784
108785
108786
108787
108788
108789
108790
108791
108792
108793
108829
108830
108831
108832
108833
108834
108835
108836
108837
108838
108839
108840
108841
108842
131822
131823
131824
131825
131826
131827
131828
131829
131830
131831
131832
131833
131834
131835
131836
131837
131838
131839
131840
131841
131842
131843
131844
131845
131846
131847
131848
131849
131850
131851
131852
131853
131854
131855
131856
131857
131858
131859
131860
131861
131862
131863
131864
131865
131866
131867
132248
132249
132250
132251
132252
132253
132254
132255
132256
132257
132258
132259
132260
132261
132262
132263
132264
132265
132266
132267
132268
132269
132270
132271
132272
132273
132274
132275
132276
132277
132278
132279
132280
132281
132282
132283
132284
132285
132286
132287
132288
132289
132290
132291
132292
132293
132294
132295
132296
132297
132298
132299
132300
132301
132302
132303
132304
132305
132306
132307
132308
132309
132310
132311
132312
132313
132314
132315
132316
132317
132318
132319
132320
132321
132322
132323
132324
132325
132326
132327
132328
132329
132330
132331
132332
132333
132334
132335
132336
132337
132338
132339
132340
132341
132342
132343
132344
132345
132346
132347
132348
132349
132350
132351
132352
132353
132354
132355
132356
132357
132358
132359
132985
132986
132987
132988
133914
133989
134439
134469
134506
134509
134688
134874
135105
135160
135210
135424
135736
136061
136159
136318
136413
136513
136793
136816
137136
137214
137397
137567
137573
137592
137642
137989
137995
138071
138543
138659
138809
138981
138997
139036
139440
139663
139803
139893
140067
140215
140316
140501
140670
140818
142131
142202
142464
142925
142983
143117
143186
143462
143617
143661
144418
144460
144632
145570
145666
145726
147435
148090
148092
148272
149100
149651
149732
149896
149904
150420
150456
151064
151234
151792
151880
152067
152107
152112
152206
152332
152396
152397
152446
152459
152832
153055
153356
153410
153455
154414
154472
154855
154868
154887
156684
157161
159150
159340
159454
160053
160262
160595
160596
160741
161020
161153
161474
161665
161753
161891
161998
162378
162795
162799
163156
163177
163829
164056
164411
164756
164848
165174
165226
165302
165441
165787
165932
165976
166387
166455
166552
166553
166985
167071
167217
167481
167651
167713
167942
167964
168080
168116
168349
168474
168936
169165
169167
169203
169286
169290
169635
169670
169673
169922
169964
170015
171853
177001
177296
181073
182307
183437
184338
198777
215349
222387
222702
223429
223487
223489
223517
223641
223643
223681
224704
233393
235825
236084
258475
258478
258481
260120
260121
262553
277182
278131
285054
285055
285056
285057
285058
285059
287060
287061
287062
290236
293816
293818
293819
293820
295311
296245
297776
299082
299931
299932
302592
302594
302596
302598
302613
302615
302617
302619
302620
303325
303326
303327
303328
303914
304211
305101
306102
306329
306330
306331
307382
307947
307948
307949
307950
308779
308781
311023
311026
311030
311031
311262
313547
313548
313549
313550
313551
313552
313553
313554
313555
313556
313557
313558
313559
313560
313561
313562
313563
313564
313565
313566
313567
313568
313569
313570
313571
313572
313573
313574
313575
313576
313578
313579
313580
313581
313582
313583
313584
313585
313586
313587
313588
313589
313590
313591
313592
313593
313594
313595
313596
313597
313598
313599
313600
313620
313621
313622
313623
313624
313625
313626
313627
313628
313629
314588
315908
315910
315912
315914
315916
315918
317157
317158
317159
317160
317161
318138
319860
319861
320471
320473
320475
320477
320479
320481
320483
320485
320487
320489
320491
320493
320495
320497
320499
320674
321334
321335
321336
322576
322578
322685
322686
322687
322953
323025
323027
323030
323031
323034
323035
325811
325814
325817
325820
325823
325826
325849
325852
325855
325858
325861
325864
325887
325890
325893
325896
325899
325902
327435
327438
327441
327590
327591
329196
329197
329198
329199
329200
329201
329750
329751
329752
330865
330866
330867
330868
332337
332475
332476
332761
332928
333324
333325
333331
333332
333333
333334
333335
333336
333337
333786
334212
334539
334540
335989
339028
339029
339030
339959
340917
341138
341139
341140
341141
341142
341143
341144
341145
341198
341199
341200
341371
341372
342968
343833
343834
343835
343836
343837
343838
343839
345259
345909
345910
345911
347722
348306
349373
349547
349548
350085
350087
350111
350113
350115
350117
350119
350947
350949
350951
350953
351556
352023
352024
352025
352026
352027
352028
352029
352030
352031
352032
352656
353172
353173
353174
353175
353176
353177
353178
353179
353180
353181
353182
353183
353184
353185
356555
357301
357304
357312
357313
357314
357315
357316
357317
357318
357319
357344
357544
357545
357546
357547
357548
357549
357550
357553
357554
357555
357556
357557
357558
357559
357560
357561
357562
357563
357681
357682
357683
357684
357696
357697
357698
357699
358502
358514
358605
358690
358758
358759
358858
358859
358861
358863
358865
358868
358870
358871
358873
358875
358878
360863
360864
360878
360880
360882
360884
360886
361436
361437
361438
361439
361467
361468
361471
361472
361473
361474
361475
361476
361478
361479
361480
361484
361485
361486
361487
361488
361489
361490
361491
361492
361493
361494
361495
361496
361497
361498
361499
362503
362504
362505
362511
362696
363671
363672
363673
363674
363675
364863
364864
364865
364866
364867
364868
364869
364870
364871
364872
364873
365312
365313
365549
367461
367462
367463
367464
367465
367466
367467
367468
367469
367470
367471
367472
367473
367474
370013
370605
370606
370607
370608
370609
370610
370611
370612
370613
370614
370615
370616
370617
370618
370776
370777
370826
373549
373550
373551
373552
373553
373554
373555
373556
373557
373558
373559
373560
373561
373562
373563
373564
373565
374424
374425
374616
374617
374618
374619
375236
375237
375238
375239
376017
376020
376033
376036
376039
376052
376055
376058
376071
376074
376077
376092
376095
376098
376111
376114
376117
376280
376281
376282
376283
376284
376285
376286
376287
376288
376289
376290
376291
376292
377196
377197
377198
377199
377200
377201
377202
377203
377539
377638
377640
377724
377727
377730
377733
377736
377739
377994
378722
379595
380186
381816
382278
383333
383334
383335
383336
383337
383338
383339
383341
383342
383343
383344
383345
383346
383347
383902
383905
386859
386860
387612
387614
387616
387618
387620
387622
387624
387626
389331
389336
389792
389793
389794
389795
389802
390625
390635
390770
390772
392334
392335
392336
392337
392338
393099
393222
393223
393224
393225
393226
393227
393228
393229
393230
393231
393232
393233
393452
393453
393454
393455
393456
393457
393458
393459
394239
394809
394811
394813
394815
395057
395058
395059
395060
395061
395062
395383
395384
395385
395809
395811
396286
396288
396306
396308
396389
396444
396446
396448
396450
396452
396454
396456
396458
396460
396462
396703
396794
397829
397830
397831
398463
399285
399287
399289
399291
399293
399295
400517
400569
400790
400793
400796
402089
402366
403989
403991
403993
403995
403997
403999
404001
404003
404121
404123
404125
404127
404214
404216
404218
404220
406267
406268
406269
406270
406271
406272
406273
406274
406275
406276
406277
406278
406279
406280
409339
409698
409699
409700
409701
409702
409703
409704
409705
409706
409707
409708
413383
413384
413409
416877
416879
417909
418476
418790
420158
420161
420164
420167
420170
420173
420176
420179
420182
420185
420188
420629
421409
421411
421413
421415
421417
421419
421421
421423
421425
421427
421429
422689
422690
422691
422692
422693
422694
422695
422696
422697
422698
422699
422700
422701
422702
422703
422704
422846
422848
422975
427034
427035
427198
427806
428018
428540
429401
429402
429403
429404
429405
429406
429407
429408
429409
429410
429411
429412
429413
429414
429415
429416
429417
429418
429419
429420
429445
429584
429586
429588
429590
429592
432561
432563
432604
432606
432608
432610
435626
435627
435628
436964
436965
437014
465059
868820
869381
869530
869672
958170
965713
965714
965715
965716
965717
965718
965719
965720
965721
965722
965723
965724
965725
965726
965727
965728
965729
965730
965731
965732
965733
965734
965735
965736
965737
965738
965739
965740
965741
967638
967640
967648
967660
972788
972790
972792
972794
972796
972798
972800
972802
972804
972806
972808
972810
972812
973273
973276
973279
973282
973285
973291
973294
973300
973306
973309
973312
978958
978968
981511
981512
981513
981514
981515
981516
981517
983549
983555
985434
985435
985436
988101
988102
988103
988109
988110
988604
988606
989274
989275
990469
990604
990722
990778
991104
999457
999458
1000118
1000120
1000121
1000122
1000123
1002017
1003904
1015732
1016795
1016851
1030234
1030238
1031589
1031799
1032120
1032400
1033024
1033349
1035339
1035855
1037304
1037308
1037312
1037316
1037321
1037325
1038474
1038594
1038741
1038858
1040262
1040294
1041661
1042382
1042604
1063848
1063849
1063850
1063851
1063852
1063853
1063854
1063855
1063856
1063857
1065687
1068937
1068939
1069247
1069254
1069695
1069696
1069697
1069698
1069699
1069700
1069701
1069702
1069703
1069704
1069705
1069706
1069707
1069708
1070142
1070471
1086381
1086398
1086403
1087508
1087627
1088466
1088467
1088618
1088621
1088624
1088627
1088630
1088633
1094829
1094830
1094920
1096040
1096041
1096042
1096043
1096155
1096156
1096157
1096158
1096159
1096160
1096161
1096162
1096163
1096164
1096165
1096166
1096591
1096592
1096593
1096594
1096595
1096596
1096597
1098744
1098748
1101739
1102863
1103440
1107102
1107106
1107140
1107504
1107507
1107510
1107513
1107754
1107755
1107756
1107757
1107771
1107773
1110839
1110842
1110876
1110881
1111035
1111036
1111360
1112244
1112336
1112337
1113463
1113464
1113465
1113466
1113467
1113468
1113469
1113470
1113471
1113472
1113473
1113474
1113475
1113476
1113477
1113478
1113479
1113480
1115540
1115543
1115546
1115549
1115552
1115557
1115560
1115563
1115566
1116935
1122440
1122502
1122860
1122864
1122866
1122874
1122880
1122888
1122890
1122896
1122898
1124123
1124124
1124135
1124749
1124750
1124751
1124752
1125167
1125534
1137328
1137415
1137994
1138352
1139337
1139338
1139339
1139340
1139341
1139342
1139343
1139344
1139345
1139346
1139663
1140505
1140506
1140625
1140644
1140680
1140858
1142980
1142982
1142984
1142986
1142988
1142990
1142992
1143415
1143416
1143417
1143418
1143419
1143420
1143421
1143449
1143450
1143453
1143458
1143459
1143463
1143464
1143469
1143470
1144931
1144933
1145000
1146423
1146424
1146425
1146426
1146655
1146705
1149063
1149482
1150385
1153951
1154067
1155487
1155705
1155924
1155960
1157860
1157880
1157884
1157888
1157908
1157914
1159309
1159312
1159478
1160103
1160427
1160679
1160681
1160710
1162069
1165082
1168195
1170834
1170835
1170836
1170837
1170883
1170884
1170885
1170900
1172125
1172126
1172999
1173033
1173074
1173081
1173086
1173093
1173098
1173101
1173500
1173503
1173506
1173509
1173512
1173515
1173518
1173547
1173550
1174647
1175408
1175411
1175412
1175805
1175852
1175855
1177206
1178143
1178146
1178148
1178155
1178157
1178158
1178162
1178165
1178167
1178576
1178617
1178621
1178625
1178629
1178633
1178637
1178639
1178641
1178643
1178646
1178649
1178651
1178659
1178663
1178667
1178671
1181353
1195948
1195968
1195988
1196008
1196028
1196048
1196068
1196088
1196218
1196223
1196230
1196233
1196242
1199851
1199858
1199860
1199864
1202074
1203448
1203456
1203463
1203466
1203474
1203481
1203501
1203507
1203512
1203519
1203527
1203535
1203543
1203547
1203555
1203561
1203566
1203571
1203576
1203581
1203586
1203591
1203596
1203600
1203607
1203646
1203660
1203666
1203676
1203680
1203684
1203685
1203707
1203713
1203732
1203736
1203846
1203891
1203933
1203949
1203954
1205241
1211198
1212661
1212671
1213000
1213006
1213012
1213018
1213024
1213029
1213035
1213041
1213062
1213095
1213110
1213119
1213128
1213590
1213599
1213602
1213605
1213626
1213629
1213632
1213641
1213644
1213653
1213656
1213659
1213662
1213665
1213668
1213683
1213686
1213689
1213698
1213728
1213731
1213734
1213737
1213740
1213743
1213749
1213752
1213755
1213758
1213776
1213779
1213782
1213785
1213788
1213791
1213794
1213797
1213800
1213803
1213811
1213820
1213823
1213826
1213829
1213832
1213835
1213850
1213853
1213856
1213859
1213862
1213865
1213871
1213874
1213877
1213883
1213886
1213901
1213904
1213907
1213910
1213916
1213919
1213922
1213925
1213934
1213937
1213944
1213954
1213958
1213962
1213964
1213967
1213970
1213973
1213976
1213979
1213982
1213985
1213988
1213991
1213994
1213999
1214003
1214007
1214011
1214019
1214022
1214025
1214037
1214043
1214046
1214049
1214052
1214055
1214058
1214061
1214064
1214067
1214070
1214073
1214076
1214079
1214082
1214085
1214088
1214091
1214094
1214097
1214100
1214106
1214115
1218150
1219037
1230093
1243719
1246366
1246367
1246374
1246375
1246376
1246377
1246380
1246381
1246477
1246478
1252864
1252867
1252870
1252873
1252876
1252879
1252882
1252885
1252888
1252891
1252894
1252897
1252906
1252909
1252912
1252915
1252918
1252921
1252924
1252927
1252930
1252938
1252941
1252969
1252974
1252977
1252982
1252985
1253016
1253018
1253024
1254937
1254968
1261449
1261450
1261451
1261454
1262620
1262622
1262623
1263678
1265360
1265361
1265365
1265386
1265387
1265388
1265389
1265390
1265391
1265433
1266295
1266298
1266300
1266552
1266560
1266872
1267913
1270908
1270918
1270928
1270938
1270948
1270958
1271239
1273909
1273916
1273940
1273946
1273952
1273956
1273959
1273977
1273979
1273985
1273988
1273994
1273997
1273998
1274000
1274004
1274009
1274012
1274014
1274016
1274019
1274024
1274026
1274040
1275989
1275991
1275993
1275996
1276000
1276007
1276013
1276019
1276025
1276031
1276037
1276043
1276047
1276051
1276055
1276059
1276063
1276067
1276073
1276077
1276085
1278341
1278524
1281058
1281060
1281226
1281228
1281230
1281232
1281234
1281236
1281238
1281240
1281242
1282219
1282222
1282383
1282390
1282397
1282404
1282465
1282467
1282469
1282471
1282473
1282475
1282477
1282479
1282481
1282483
1282485
1282487
1282489
1282491
1282493
1282495
1282497
1282731
1283081
1283083
1283298
1283371
1283463
1283914
1284356
1284357
1285776
1288924
1288926
1288945
1289415
1289416
1289417
1289418
1289419
1292087
1292088
1292867
1292877
1292917
1292927
1293093
1293094
1293097
1293099
1293100
1293101
1293102
1293103
1293104
1293105
1293106
1293443
1293444
1293445
1293446
1293447
1296089
1296137
1296138
1296139
1296528
1296532
1296536
1296540
1296544
1296548
1296552
1296556
1296560
1296564
1296568
1296572
1296576
1296580
1296584
1296588
1296592
1298717
1298718
1299747
1299748
1299779
1307453
1307455
1307457
1307459
1307811
1308167
1309457
1309580
1309676
1312815
1313671
1314119
1314120
1314121
1314122
1314249
1316190
1316297
1318457
1318460
1318509
1318510
1318563
1318564
1319680
1320021
1320022
1320246
1320249
1320252
1320264
1320267
1320270
1332019
1338390
1338393
1338396
1338402
1338405
1338408
1338411
1338414
1338417
1338420
1338423
1338426
1338429
1338432
1338435
1338438
1338441
1338444
1338447
1345846
1346812
1347535
1347536
1347537
1347538
1347539
1347540
1347541
1347668
1348928
1348929
1348931
1349187
1349795
1349796
1386225
1386819
1386985
1386995
1387058
1387346
1388536
1389230
1389233
1389238
1389241
1389244
1390223
1390749
1390751
1390754
1390875
1391074
1391076
1391533
1392445
1393241
1393258
1393678
1393705
1393785
1393828
1394379
1394535
1394898
1394902
1395337
1395552
1395711
1396301
1396302
1396307
1396310
1396312
1396955
1397110
1397113
1397324
1397326
1397704
1397705
1397706
1397707
1397708
1397709
1405180
1405290
1405291
1405292
1405305
1405306
1405307
1405308
1405309
1405310
1405311
1405312
1405313
1405314
1405323
1405324
1405325
1405326
1405803
1405805
1406221
1406222
1406223
1406227
1406228
1406229
1406278
1406279
1406548
1407140
1407142
1409440
1410716
1410718
1410720
1410722
1411537
1412174
1412293
1413695
1413696
1413698
1413699
1413914
1413915
1413917
1413918
1413920
1413921
1413923
1413924
1413926
1413927
1413929
1413930
1414144
1414147
1414595
1414596
1414617
1414618
1414644
1414645
1414647
1414648
1414652
1414653
1414655
1414656
1423559
1447840
1447841
1481671
1482505
1482665
1482667
1487570
1487571
1487944
1488367
1488487
1488776
1488779
1489203
1489239
1489240
1489242
1489245
1489300
1489301
1489302
1489303
1489304
1489305
1489307
1489308
1490113
1490181
1490182
1490185
1491039
1491040
1491778
1495334
1497643
1498048
1498130
1498281
1498323
1500218
1500220
1500223
1500715
1500716
1500717
1500718
1500719
1500720
1500721
1500722
1500723
1500724
1500725
1503486
1503487
1503801
1503995
1507125
1507128
1507129
1507132
1507133
1507136
1507137
1508376
1508403
1508411
1508440
1508453
1508460
1508483
1508486
1508978
1509033
1509036
1509039
1509147
1509171
1509173
1509175
1509376
1510406
1511316
1511320
1511521
1511527
1511533
1511539
1511541
1513154
1513411
1513840
1513847
1514528
1519186
1519187
1519188
1519189
1519190
1519191
1519192
1519193
1519194
1519242
1519245
1519247
1524548
1524550
1524553
1524702
1524704
1524706
1524708
1524710
1524712
1525038
1526833
1527978
1541117
1544959
1544961
1544963
1544965
1545127
1545129
1545131
1545133
1545135
1545137
1545138
1545140
1545142
1545145
1545146
1545148
1545151
1545152
1545155
1545994
1546019
1546306
1547022
1547025
1547029
1547283
1547905
1547906
1547907
1547911
1548442
1548472
1548479
1548489
1548555
1548567
1548570
1548639
1548649
1548660
1549078
1549793
1549794
1549795
1549796
1549797
1549798
1549799
1549800
1549801
1549802
1549803
1549804
1549805
1549806
1549807
1549808
1549835
1549836
1551341
1551375
1551378
1551379
1551853
1552093
1552127
1552128
1552132
1552149
1552152
1552156
1553977
1553982
1553984
1554034
1554035
1554038
1554087
1554089
1554093
1555752
1556782
1557703
1557704
1557705
1557706
1557790
1557815
1557817
1557820
1558900
1559062
1559063
1559065
1559068
1562247
1562248
1562250
1562251
1563405
1563574
1563592
1563593
1563594
1563595
1563604
1563609
1563613
1563617
1563621
1564127
1566612
1566619
1566620
1566621
1566847
1566940
1566941
1566942
1566943
1566944
1567431
1567434
1567435
1567481
1567790
1567827
1567839
1567868
1567886
1568019
1569540
1571621
1571791
1571820
1572105
1577693
1578083
1578474
1578786
1578787
1579293
1579501
1579503
1579505
1579507
1580145
1580874
1581081
1583144
1583526
1584673
1588287
1588514
1588683
1588686
1588689
1589936
1589940
1589944
1589946
1589948
1589950
1590305
1592100
1592102
1592174
1592176
1595579
1597161
1597165
1597168
1600503
1603360
1605435
1607268
1607410
1607412
1607910
1608203
1609340
1609343
1610318
1610322
1610324
1614631
1616742
1616922
1616927
1617837
1622582
1622585
1624178
1624180
1624868
1624871
1624874
1627196
1627200
1633250
1633252
1636269
1636404
1636930
1637101
1639095
1643625
1643626
1644384
1644386
1644389
1650067
1654319
1654322
1657817
1657819
1657820
1657822
1657825
1657827
1657829
1657831
1657974
1660690
1660693
1661581
1662944
1667205
1667829
1668515
1671674
1671677
1674109
1674110
1674379
1674385
1674432
1674441
1674486
1674505
1675816
1675845
1678382
1678383
1678384
1678387
1678388
1678389
1678390
1678391
1678392
1678393
1678394
1678623
1678625
1680677
1680681
1680685
1681027
1681031
1681034
1681035
1681141
1681143
1681147
1681152
1681155
1681159
1682089
1682768
1682921
1683399
1683708
1683736
1683747
1683772
1683773
1683774
1683775
1683776
1683777
1683778
1683779
1683780
1683781
1683782
1683783
1683784
1683785
1683786
1683787
1683788
1683789
1683790
1683791
1683792
1683793
1683794
1683795
1683796
1683797
1683798
1683799
1683800
1683801
1683802
1683803
1683804
1683805
1683806
1683807
1683808
1683809
1683810
1683811
1683812
1683813
1683884
1683885
1683886
1683887
1683888
1683889
1683890
1683891
1683892
1683893
1683894
1683895
1684614
1684628
1684635
1684639
1684649
1684664
1685096
1685098
1685100
1685105
1685107
1685112
1685115
1685119
1685120
1685124
1688305
1688308
1688311
1688316
1688319
1688322
1688329
1688332
1688335
1688338
1688376
1688377
1688378
1688379
1688380
1688381
1688382
1688383
1688384
1688385
1688386
1688646
1688653
1691944
1692215
1692359
1692821
1693373
1693547
1693830
1693832
1693858
1693859
1693863
1693888
1693891
1693895
1693921
1693926
1693927
1694261
1694263
1694267
1694292
1694295
1694300
1694327
1694329
1694332
1695384
1695385
1695504
1695507
1695535
1695537
1695947
1695948
1695949
1695950
1695951
1695952
1695953
1695954
1695974
1695975
1695991
1695992
1696107
1696109
1696121
1696123
1696373
1696374
1696375
1696376
1696377
1696378
1696379
1696380
1696381
1696382
1696383
1696384
1696385
1696386
1696387
1696388
1696395
1696396
1696397
1696398
1696399
1696400
1696401
1696402
1696612
1696666
1696667
1696668
1696669
1696670
1696671
1697148
1698460
1698463
1698467
1700628
1700892
1707035
1710241
1710247
1710452
1710462
1710467
1711222
1711304
1711310
1711311
1711394
1711453
1711454
1712132
1712136
1712815
1713170
1713728
1713732
1714250
1714541
1714791
1714792
1714793
1714794
1714795
1715565
1715696
1716472
1718509
1718801
1718802
1718803
1719439
1719979
1720137
1720224
1720227
1720555
1720556
1720557
1720558
1720559
1720560
1720561
1720562
1720563
1720564
1720565
1720566
1720567
1720568
1720569
1720570
1720722
1720908
1720911
1720913
1720915
1720920
1720923
1721647
1721654
1721942
1721943
1723231
1725535
1725641
1725642
1725643
1725644
1725645
1725646
1725647
1725753
1726235
1726240
1726245
1726249
1726253
1726259
1726265
1726271
1731888
1731889
1731891
1731892
1733917
1735817
1735821
1736541
1738942
1738946
1738994
1738995
1746376
1756237
1756238
1756485
1756764
1756795
1757984
1758018
1758161
1758256
1758335
1758464
1758515
1758555
1758662
1758704
1758766
1758771
1759136
1759650
1760081
1760082
1760520
1760668
1760670
1760803
1760823
1760824
1760827
1761251
1761515
1761516
1761519
1761521
1761626
1761784
1761804
1761945
1762114
1762189
1762190
1764034
1764035
1764036
1764037
1764038
1764039
1764040
1764041
1764042
1764043
1764044
1764045
1764046
1764047
1764085
1764086
1764249
1764250
1764251
1764252
1764854
1764855
1765050
1765229
1765231
1770066
1770361
1770362
1770704
1770707
1770710
1770713
1770716
1770719
1770722
1772361
1772363
1772365
1772367
1772369
1772371
1772373
1772375
1772377
1772379
1772417
1772419
1772421
1772423
1772425
1772427
1772515
1772516
1772517
1772518
1772519
1772520
1772533
1772535
1772541
1772543
1772545
1772547
1772549
1772551
1772553
1772635
1773076
1773079
1773082
1773083
1773086
1773087
1773090
1773091
1777316
1777317
1777318
1777319
1777320
1777321
1777322
1777340
1777341
1778095
1778097
1778098
1778101
1778102
1778105
1778107
1778109
1778121
1778122
1778124
1778126
1778128
1778130
1778179
1778182
1778351
1778354
1778357
1778907
1778910
1778913
1778916
1779738
1779741
1779744
1779747
1779753
1779757
1779760
1779763
1779768
1779773
1779777
1779780
1779995
1779996
1780965
1787698
1787700
1788071
1788431
1788434
1788462
1788463
1788468
1788494
1788495
1788562
1789043
1789046
1789048
1789049
1789145
1789146
1789148
1789149
1789151
1789153
1789154
1789156
1789157
1789159
1789160
1789162
1789164
1789165
1789167
1789168
1789169
1789171
1789172
1789173
1789176
1789177
1789178
1789180
1789182
1789183
1789184
1789186
1789193
1789195
1789197
1789198
1790809
1790822
1791504
1791505
1791525
1791526
1791531
1791533
1791535
1791536
1791538
1791539
1791540
1791542
1791543
1791544
1791546
1791548
1791549
1791551
1791552
1791554
1791555
1791557
1791558
1791560
1791562
1791563
1791564
1791565
1791572
1791573
1791574
1791575
1791577
1791579
1791580
1791582
1791583
1791584
1791586
1791588
1791589
1791590
1791592
1791593
1791595
1791596
1791599
1791600
1791601
1791603
1791604
1791606
1791608
1791609
1791610
1791612
1791613
1791614
1791617
1791618
1791619
1791621
1791623
1791624
1791625
1791626
1791629
1791630
1791631
1791633
1791634
1791635
1791637
1791639
1791640
1791642
1791643
1791645
1791647
1791648
1791649
1791651
1791653
1791654
1791655
1791656
1791658
1791659
1791662
1791663
1791664
1791666
1791667
1791668
1791670
1791671
1791673
1791675
1791677
1791678
1791680
1791681
1791683
1791684
1791685
1791686
1791689
1791690
1791692
1791693
1791694
1791696
1791698
1791699
1791701
1791702
1791704
1791705
1791706
1791707
1791709
1791710
1791712
1791713
1791716
1791717
1791719
1791720
1791721
1791723
1791724
1791726
1791728
1791729
1791731
1791732
1791745
1791755
1791757
1791758
1791760
1791781
1792268
1792281
1792704
1792751
1793419
1793421
1806807
1806809
1806811
1806813
1806815
1806817
1806819
1806821
1806823
1806825
1806827
1806829
1806831
1806836
1807299
1807324
1807344
1810865
1810866
1810867
1810868
1810869
1810870
1810871
1810872
1810873
1810874
1812229
1812251
1812268
1812274
1812275
1812282
1812283
1812287
1812362
1812364
1812392
1812395
1812425
1812430
1812444
1812446
1812451
1812454
1812456
1812459
1812462
1812464
1812471
1812472
1812690
1813261
1814700
1814703
1814707
1814709
1814715
1814717
1814721
1814726
1814732
1814736
1814737
1814741
1814746
1814751
1814754
1814757
1814764
1814768
1814772
1814776
1814779
1814787
1822133
1822141
1822142
1822947
1824338
1824339
1824340
1824341
1824346
1826952
1827694
1827696
1827698
1828122
1828480
1828483
1828487
1828489
1828494
1828500
1828501
1828508
1828698
1828700
1830982
1832782
1832865
1832885
1832886
1833003
1833005
1833007
1833009
1833073
1833076
1833088
1833091
1833182
1833184
1833655
1833716
1833953
1834167
1834380
1834753
1835232
1835236
1835242
1835244
1835249
1835253
1835258
1835261
1836408
1837035
1837042
1837044
1837050
1837053
1837057
1837062
1837065
1837068
1837074
1837077
1837081
1837115
1837118
1837302
1837390
1837394
1837398
1837909
1837912
1837919
1837920
1837924
1837930
1837933
1837939
1837941
1837966
1837971
1837973
1837979
1837984
1837988
1839272
1839273
1839276
1839277
1839280
1839282
1839284
1839285
1841126
1841127
1841130
1841131
1841148
1841149
1841162
1841165
1841169
1841174
1841180
1841181
1841187
1841188
1841192
1841195
1841198
1841201
1841249
1841255
1841258
1841260
1841264
1841268
1841274
1841275
1841280
1841281
1841285
1841287
1841566
1841567
1841570
1842403
1842465
1842937
1842939
1842941
1842943
1842944
1842947
1842948
1842951
1842953
1842954
1842956
1842959
1842961
1842963
1842964
1842967
1842968
1842971
1843795
1843797
1843799
1844219
1844220
1844221
1844222
1844223
1844224
1844246
1844247
1844250
1844366
1844368
1844369
1844371
1844373
1854190
1854193
1855182
1855183
1855184
1855185
1855186
1855187
1855188
1855189
1855190
1855191
1855192
1855193
1855194
1855195
1855242
1860425
1862359
1862366
1862370
1862372
1862377
1862380
1866084
1867017
1867018
1867019
1867052
1867053
1867246
1867247
1867248
1867249
1867289
1867292
1867295
1867298
1868378
1868460
1871090
1871459
1871462
1871479
1871482
1871552
1872759
1872761
1873281
1873826
1873828
1874393
1874395
1874397
1874399
1874420
1874538
1874540
1874637
1874814
1874816
1877250
1877256
1877258
1877261
1877264
1877269
1877271
1877276
1877278
1877281
1877284
1877288
1877309
1877444
1877554
1878105
1878260
1878261
1878351
1883221
1883229
1883245
1883827
1883828
1883954
1883955
1883965
1884065
1884066
1884067
1884068
1884276
1884279
1884280
1884281
1884701
1884746
1884749
1884992
1885320
1885321
1886097
1886106
1886173
1886840
1886843
1886846
1886849
1886851
1886853
1886912
1886915
1886919
1886920
1886923
1886927
1887013
1887014
1887015
1887016
1887017
1887033
1887036
1887038
1887039
1887224
1887263
1887676
1887683
1887886
1887984
1887985
1888438
1888445
1888449
1888450
1888592
1890279
1890360
1890462
1890467
1890468
1890475
1890602
1891977
1891978
1892107
1892209
1892260
1892350
1892352
1893035
1893485
1893486
1893491
1893492
1893495
1893499
1893504
1893506
1893511
1893514
1893515
1893519
1893523
1893528
1893529
1893533
1893536
1893539
1905842
1905843
1906222
1906293
1906295
1906297
1906569
1906573
1906687
1906688
1906689
1906690
1907294
1907295
1907414
1914491
1914622
1914623
1917159
1917268
1917269
1917278
1917287
1917288
1917289
1917290
1917291
1917292
1917293
1917294
1918558
1918978
1918981
1918986
1919011
1919014
1919017
1919044
1919048
1919049
1920994
1921496
1921759
1923715
1923716
1930862
1930863
1930895
1930899
1930902
1930906
1930912
1930917
1931210
1931295
1931309
1933956
1935086
1935092
1935094
1935097
1935278
1935303
1935335
1935431
1935850
1935851
1936538
1936554
1936557
1936561
1936586
1936591
1936592
1937896
1937900
1937901
1942269
1942273
1943401
1943412
1943448
1943492
1943506
1943544
1943549
1945559
1945560
1945561
1945563
1945564
1945565
1945567
1945568
1945569
1945696
1945975
1948620
1948964
1948971
1948974
1949248
1953424
1953437
1954572
1954579
1954728
1954729
1954730
1954731
1954732
1954733
1954734
1954735
1954736
1954737
1954761
1954764
1954768
1954773
1954775
1954778
1954813
1956204
2010168
2010169
2010170
2010171
2010172
2010173
2010174
2010175
2010176
2010177
2010278
2010780
2010796
2010841
2028182
2028275
2028276
2028277
2028278
2028279
2028280
2028296
2028335
2028336
2032020
2032022
2032463
2032468
2032477
2032478
2032482
2034211
2034213
2036600
2036601
2036836
2036929
2036955
2036970
2036975
2037124
2037285
2037348
2037724
2042548
2042550
2042551
2042553
2043073
2043075
2045092
2045240
2045299
2045670
2045673
2045675
2045676
2045679
2045681
2045682
2045684
2045687
2045688
2045691
2045692
2045694
2045696
2045698
2045701
2045703
2045704
2045706
2045709
2045710
2045713
2045715
2045716
2045718
2045720
2045722
2045725
2045726
2045728
2045731
2045732
2045734
2045737
2045738
2045740
2045742
2045745
2045747
2045748
2045750
2045752
2045754
2045756
2045758
2045760
2045762
2045764
2045766
2045768
2045770
2045773
2045775
2045777
2045778
2045781
2045783
2045785
2045787
2045789
2045790
2045792
2045794
2045797
2045798
2045800
2045802
2045805
2045806
2045809
2045810
2045813
2045815
2045817
2045818
2045821
2045822
2045824
2045827
2045829
2045831
2045833
2045835
2045836
2045838
2045840
2045843
2045845
2045847
2045849
2045850
2045852
2045854
2045857
2045859
2045861
2045863
2045864
2045866
2045869
2045871
2045873
2045875
2045877
2045879
2045881
2045882
2045884
2045886
2045888
2045890
2045893
2045894
2045897
2045898
2045901
2045903
2045905
2045906
2045908
2045910
2045912
2045915
2045917
2045919
2045921
2045923
2045925
2045927
2045928
2045931
2045933
2045934
2045936
2045938
2045941
2045943
2045944
2045946
2045949
2045951
2045952
2045955
2045957
2045958
2045960
2045962
2045964
2045966
2045969
2045971
2045972
2045974
2045977
2045979
2045980
2045982
2045984
2045986
2045989
2045991
2045992
2045994
2045996
2045998
2046000
2046003
2046004
2046007
2046009
2046011
2046013
2046015
2046016
2046019
2046021
2046022
2046024
2046026
2046029
2046031
2046033
2046034
2046037
2046039
2046041
2046043
2046044
2046047
2046048
2046051
2046053
2046054
2046056
2046058
2046061
2046062
2046064
2046067
2046068
2046071
2046073
2046075
2046077
2046079
2046081
2046083
2046085
2046086
2046089
2046091
2046092
2046095
2046097
2046099
2046100
2046102
2046104
2046107
2046108
2046110
2046113
2046115
2046116
2046118
2046120
2046122
2046125
2046224
2046231
2046233
2047312
2047379
2048269
2048271
2048272
2049281
2049297
2049424
2049439
2050785
2051776
2051777
2051784
2055709
2055743
2055778
2056014
2056016
2056019
2056021
2056023
2056037
2057081
2059111
2059356
2059361
2059366
2059371
2059376
2059386
2059391
2059396
2059401
2059406
2059836
2059841
2059846
2060603
2060605
2060775
2060776
2060777
2060778
2060779
2060780
2060781
2060782
2060783
2061095
2061096
2061097
2061098
2062519
2062621
2062626
2067171
2067180
2067538
2067539
2067733
2067734
2067926
2067946
2067947
2068626
2068627
2068628
2069069
2070358
2070359
2070360
2070361
2070362
2070363
2070364
2070365
2070366
2070374
2070614
2070689
2070815
2071188
2071220
2071763
2072087
2072715
2072717
2075012
2075015
2075169
2075187
2075190
2075362
2075363
2075479
2075482
2075771
2075777
2075783
2075785
2075789
2075992
2075993
2075994
2075995
2077386
2077387
2077456
2077497
2077502
2077503
2077506
2077518
2077519
2077540
2077543
2077576
2077578
2077579
2077785
2077790
2077801
2079642
2079643
2079644
2079645
2079646
2079647
2079648
2079649
2079650
2079651
2079652
2079653
2079861
2079862
2079863
2079864
2079865
2079866
2079867
2079868
2079869
2079870
2079871
2079872
2080225
2080227
2080234
2080690
2080702
2081267
2081269
2081283
2081375
2081377
2081539
2081542
2081547
2081549
2081552
2081557
2081563
2081567
2082553
2082557
2082563
2082869
2082871
2082881
2082906
2082912
2083191
2083275
2083278
2083418
2083427
2083479
2083485
2083868
2083869
2083870
2083871
2083951
2083952
2083953
2083954
2083961
2083962
2083963
2083964
2083969
2083970
2083971
2083972
2083973
2083974
2083975
2083977
2083978
2083979
2083980
2083981
2083982
2083983
2083984
2083985
2083986
2083987
2083988
2083989
2083990
2083991
2083992
2083996
2083997
2083998
2083999
2084000
2084001
2084010
2084011
2084012
2084013
2084014
2084015
2084016
2084017
2084018
2084019
2084020
2084021
2084022
2084023
2084024
2084025
2084026
2084027
2084028
2084029
2084030
2084031
2084032
2084033
2084059
2084060
2084061
2084062
2084063
2084064
2084065
2084066
2084067
2084068
2084069
2084070
2084071
2084072
2084079
2084080
2084081
2084082
2084083
2084084
2084085
2084108
2084109
2084110
2084111
2084112
2084113
2084114
2084115
2084143
2084144
2084145
2084146
2084195
2084196
2084197
2084198
2084199
2084200
2084201
2084202
2084203
2084204
2084205
2084206
2084207
2084208
2084209
2084210
2084247
2084248
2084249
2084250
2084251
2084252
2084253
2084254
2084255
2084256
2084257
2084258
2084263
2084264
2084265
2084266
2084782
2084789
2084792
2084795
2084799
2084800
2084912
2084914
2084916
2084918
2084920
2084922
2084924
2084925
2084927
2084929
2084931
2084933
2084935
2084937
2084939
2084941
2084943
2084945
2084947
2084953
2084954
2084955
2084956
2084957
2084958
2084959
2084960
2084961
2084962
2084963
2084964
2084965
2084966
2084967
2084968
2084969
2084970
2084971
2084972
2084973
2084974
2084975
2084976
2084977
2084978
2084979
2084980
2084981
2084982
2084983
2084984
2084985
2084986
2084987
2084988
2084989
2084990
2084991
2084992
2084993
2084994
2084995
2084996
2084997
2084998
2084999
2085000
2085001
2085002
2085005
2085006
2085010
2085011
2085013
2085016
2085017
2085019
2085021
2085023
2085355
2085377
2085689
2085692
2085694
2085695
2085696
2085721
2085726
2085729
2085730
2085733
2085755
2085759
2085764
2085768
2085770
2085773
2086494
2086495
2086915
2086916
2087916
2087920
2087924
2087928
2087933
2087935
2088073
2088190
2088191
2088192
2088193
2088194
2088195
2088196
2088197
2088198
2088199
2088200
2088201
2088202
2088203
2088204
2088207
2088208
2088209
2088210
2088211
2088212
2088599
2088961
2088964
2088966
2091226
2091351
2091352
2091353
2091354
2092669
2092670
2092671
2092672
2092673
2092676
2092678
2092680
2092682
2092683
2092684
2093308
2093310
2093822
2095671
2095673
2095678
2095681
2095702
2095709
2095710
2095717
2095736
2095738
2095741
2095743
2095744
2095747
2095807
2095867
2095869
2095975
2095976
2096027
2096053
2096087
2096122
2096125
2097575
2097686
2098009
2098011
2098012
2098014
2098183
2099293
2099754
2099757
2099771
2099772
2099773
2099774
2099809
2099816
2099820
2101320
2101321
2101322
2101323
2101838
2101839
2101840
2101842
2101844
2101848
2101850
2102011
2102038
2102062
2102082
2102355
2103548
2103549
2103550
2103551
2103617
2103655
2103695
2103738
2103886
2104074
2104357
2104476
2105228
2105231
2105234
2105237
2105240
2105243
2105246
2105249
2105252
2105883
2105929
2114455
2114457
2114461
2114463
2114618
2114620
2115876
2116398
2116482
2116483
2116484
2116582
2116603
2116606
2117137
2117614
2117616
2117628
2117735
2117853
2117854
2118536
2118539
2118542
2118545
2118548
2118551
2120594
2121626
2121628
2121755
2122827
2122980
2122982
2123134
2123137
2123139
2123141
2123143
2123144
2123698
2123701
2124060
2124061
2124148
2124149
2124192
2124194
2124196
2124198
2124228
2124229
2124957
2125205
2125211
2125234
2125235
2125711
2125712
2125713
2125771
2125774
2126085
2126130
2126897
2127059
2127061
2127063
2127065
2127067
2127574
2128191
2128192
2128193
2128227
2128277
2128349
2128365
2128976
2128977
2129031
2129033
2129079
2129088
2129119
2129483
2129485
2129679
2129682
2130035
2130086
2130128
2130700
2131324
2132579
2132580
2132582
2132584
2132586
2132587
2132589
2132590
2133009
2133010
2133011
2133012
2133013
2133014
2133015
2133016
2133017
2133018
2133019
2133020
2133021
2133022
2133023
2133024
2133025
2133026
2133027
2133028
2133029
2133030
2133031
2133032
2133033
2133034
2133035
2133036
2133037
2133038
2133039
2133040
2133041
2133042
2133043
2133044
2133045
2133046
2133047
2133048
2133049
2133050
2133051
2133052
2133053
2133054
2133055
2133056
2133057
2133058
2133059
2133060
2133061
2133062
2133063
2133064
2133065
2133066
2133067
2133068
2133069
2133070
2133071
2133072
2133073
2133074
2133075
2133076
2133077
2133078
2133079
2133080
2133081
2133082
2133083
2133084
2133085
2133086
2133087
2133088
2133089
2133090
2133268
2133272
2134314
2135220
2137167
2137300
2137837
2138384
2139053
2140452
2140702
2140720
2140750
2141077
2141291
2141438
2141480
2141790
2141811
2141830
2141838
2141916
2141966
2141973
2141979
2141993
2142063
2142067
2142104
2142149
2142281
2142300
2142362
2142368
2142370
2142395
2142599
2142682
2144156
2144596
2145496
2145527
2145698
2145699
2145717
2145719
2145721
2145723
2145725
2145727
2148535
2149163
2149167
2149169
2149173
2149175
2149217
2149546
2149551
2149553
2149556
2149558
2149587
2149592
2149593
2149596
2149600
2149602
2150021
2150074
2150098
2150427
2150428
2150429
2150430
2150431
2150432
2151813
2152011
2152014
2152599
2152977
2152979
2152987
2152989
2152992
2152993
2153682
2153683
2153684
2153963
2153967
2153974
2153977
2154045
2154046
2154049
2154050
2154051
2154052
2154572
2154573
2154574
2154575
2154626
2154631
2154635
2154638
2154654
2154660
2154662
2154665
2154670
2154675
2154678
2154684
2154685
2154688
2154717
2154721
2154722
2154727
2154729
2154732
2154833
2154893
2154894
2155629
2156946
2156948
2157069
2157199
2157214
2157215
2157233
2157263
2157277
2157315
2157318
2157880
2157928
2157980
2158288
2160961
2161029
2161034
2161038
2161042
2161045
2161049
2161053
2161056
2161061
2161331
2161336
2161338
2161872
2161900
2161979
2161982
2161987
2162037
2162040
2162042
2162399
2162401
2162404
2162406
2162408
2162410
2162411
2162413
2162415
2162418
2162419
2162421
2162424
2162425
2162427
2162429
2162432
2162433
2162436
2162438
2162440
2162442
2162443
2162445
2162447
2162450
2162452
2162454
2162455
2162457
2162460
2162461
2162464
2162466
2162467
2162469
2162471
2162474
2162476
2162478
2162479
2162482
2162483
2162485
2162488
2162490
2162492
2162493
2162496
2162497
2162499
2162502
2162503
2162505
2162507
2162510
2162511
2162513
2162515
2162517
2162520
2162521
2163013
2163016
2163019
2163553
2163554
2163937
2163970
2164043
2166005
2166057
2166058
2166095
2166793
2167854
2168050
2168165
2169368
2169374
2169381
2169481
2169482
2169483
2169484
2169485
2169486
2169487
2169488
2169489
2169595
2171079
2171080
2171446
2171578
2171805
2171877
2172515
2172516
2172552
2172555
2172557
2172578
2172582
2172848
2172849
2172850
2172851
2319560
2320292
2320295
2320296
2320784
2325126
2325354
2325429
2325430
2326853
2327031
2327032
2327511
2328151
2328152
2330285
2330430
2330457
2330599
2330639
2331430
2331657
2332012
2332015
2332040
2332044
2332048
2332097
2332100
2332102
2332199
2332493
2332893
2332898
2332903
2332904
2332911
2336338
2336522
2336525
2337056
2337057
2337058
2337059
2337060
2337061
2388465
2388539
2388693
2388909
2389122
2389265
2389489
2389630
2389681
2389794
2390003
2390030
2390107
2390320
2390321
2390416
2390463
2390611
2390671
2390778
2390905
2391034
2391059
2391066
2391087
2391223
2391363
2391679
2391682
2391786
2391816
2391845
2391925
2391993
2392015
2392035
2392039
2392047
2392049
2392098
2392160
2392278
2392329
2392527
2392564
2392853
2393000
2393018
2393069
2393129
2393243
2393275
2393504
2394460
2394463
2394465
2395091
2395100
2395104
2395105
2395110
2395113
2395116
2395117
2395120
2395130
2395133
2395137
2395410
2395411
2395413
2395414
2395415
2395417
2395633
2395635
2395636
2395637
2395900
2395901
2395903
2395904
2395905
2395906
2395909
2395910
2395911
2395913
2395914
2395916
2395917
2395918
2395966
2395988
2395996
2396668
2396694
2396716
2396955
2396956
2396957
2396958
2396959
2396960
2396961
2397404
2397546
2397878
2397881
2397888
2398178
2398182
2398442
2398443
2398557
2398558
2398559
2398560
2398561
2398562
2398563
2398698
2398701
2398703
2398706
2398711
2398714
2398719
2398722
2398725
2398731
2398734
2398736
2398740
2398746
2398751
2398755
2398756
2398760
2398766
2398770
2398774
2398779
2398783
2398785
2398788
2399108
2399110
2399929
2399931
2401067
2401068
2401069
2401292
2401293
2401295
2401316
2401317
2401405
2401471
2401553
2401618
2402050
2402395
2402422
2403591
2403597
2403598
2403604
2403905
2404133
2404136
2404825
2405828
2405871
2405966
2406003
2406069
2406637
2406638
2406707
2406708
2406710
2406712
2406714
2406717
2406718
2408408
2408409
2408410
2408880
2408881
2408882
2408883
2409029
2409030
2409031
2409449
2409450
2409454
2409632
2409728
2409920
2409921
2409922
2410062
2410214
2410476
2411619
2411622
2411884
2411886
2411889
2411890
2411893
2411894
2411896
2412403
2413412
2413616
2413618
2413620
2413622
2413624
2413627
2413629
2413686
2415201
2415470
2415471
2415472
2415473
2415569
2415570
2415571
2416021
2416088
2416156
2416225
2416289
2416993
2417182
2417183
2417913
2417923
2418009
2418036
2418729
2419345
2419826
2419828
2420822
2420824
2420827
2420828
2426549
2426590
2426936
2427541
2427545
2427546
2427550
2427552
2427556
2427559
2427563
2427564
2427569
2427571
2427574
2427577
2427581
2427582
2427586
2427590
2427592
2427799
2427800
2427801
2427802
2427803
2427869
2427870
2427871
2428356
2428684
2429192
2429197
2429322
2429387
2429672
2429702
2430514
2430515
2432006
2432053
2432055
2432061
2432064
2432070
2432071
2432078
2432079
2432085
2432087
2432092
2432098
2432101
2432103
2432110
2432112
2432116
2432119
2432123
2432130
2432133
2432137
2432141
2432145
2432149
2432151
2432157
2432161
2432166
2432170
2432173
2432176
2432182
2432184
2432190
2432222
2432223
2432224
2432225
2432229
2432231
2432232
2432235
2432236
2432238
2432239
2432843
2433972
2438863
2439085
2439116
2439138
2439693
2439694
2440778
2440779
2441949
2442023
2442151
2442152
2442153
2442364
2443024
2443029
2443580
2443581
2443582
2443583
2443584
2443585
2443586
2443587
2443588
2443589
2443590
2443591
2443592
2443593
2443594
2443811
2443837
2443841
2443885
2445572
2445573
2446649
2446652
2446653
2446656
2447134
2447757
2447758
2447759
2447760
2447761
2447762
2447763
2447764
2447765
2447766
2447767
2447768
2447769
2447770
2447771
2447772
2447773
2447774
2447775
2447776
2447777
2447778
2447779
2447780
2447781
2447782
2447783
2447784
2447785
2447786
2447787
2447987
2447990
2447993
2447996
2448000
2448002
2448006
2448009
2448012
2448013
2448018
2448019
2448023
2448026
2448028
2448031
2448141
2448242
2448627
2449475
2449476
2449479
2450149
2450154
2450194
2450197
2450199
2450225
2450228
2450232
2452631
2452667
2452994
2453088
2453109
2453110
2453295
2453404
2454367
2454369
2454370
2454371
2454373
2454375
2454377
2454378
2454381
2454382
2454384
2454387
2454388
2454389
2454691
2454797
2457152
2457221
2457289
2458384
2458385
2459699
2460480
2460548
2462281
2462284
2463681
2463682
2463685
2464081
2465777
2465812
2465845
2465870
2466402
2466406
2466407
2466411
2466415
2466417
2466457
2466462
2466465
2466469
2466472
2466474
2466516
2466518
2466525
2466527
2466530
2466532
2468061
2469890
2469911
2470809
2470814
2470819
2470824
2470829
2471319
2471400
2472977
2473170
2474115
2474120
2474126
2475141
2475147
2475193
2475328
2475330
2475334
2476027
2476028
2476029
2476030
2476031
2476032
2476033
2476034
2476035
2476036
2476037
2476038
2476039
2476040
2476041
2476042
2476043
2476044
2476045
2476046
2476047
2476048
2476049
2476050
2476051
2476052
2476053
2476054
2476055
2476056
2476057
2476058
2476059
2476060
2476340
2476342
2476345
2476346
2476349
2476351
2476624
2476643
2476813
2477609
2477610
2477611
2477612
2477613
2477614
2482271
2486929
2487130
2488070
2488389
2488390
2488489
2488493
2488494
2489128
2489220
2489223
2489226
2489229
2489232
2489235
2489623
2489757
2489824
2489827
2489855
2490058
2490061
2490064
2490067
2490345
2490346
2490347
2490348
2490349
2490350
2490351
2490352
2490353
2490354
2490355
2490356
2490357
2490358
2490468
2490469
2490470
2490471
2490472
2490473
2490474
2490475
2490476
2490477
2490478
2490479
2490480
2490481
2490482
2490483
2490484
2490485
2490486
2490487
2490820
2491346
2491355
2491476
2491484
2492310
2492313
2492381
2492387
2494278
2494329
2494809
2494811
2495104
2495106
2495325
2495330
2496637
2496819
2499730
2503158
2504445
2504475
2504476
2505438
2505442
2505444
2505471
2505474
2505479
2505531
2505535
2505537
2505539
2505543
2505545
2505549
2505552
2505556
2505559
2505562
2505563
2505848
2505852
2505854
2505857
2505862
2505863
2505866
2505871
2505872
2505875
2505880
2505881
2505886
2505889
2505897
2505921
2506987
2507440
2507636
2509701
2509726
2509751
2509783
2511525
2511532
2512765
2512958
2514850
2514851
2514852
2514853
2514854
2514855
2514856
2514857
2515184
2515187
2515191
2515192
2515196
2516296
2516824
2516842
2516972
2517674
2517714
2518157
2518159
2518928
2519520
2520674
2520675
2520676
2520701
2521259
2521418
2521420
2521425
2521428
2521431
2521433
2521853
2522951
2523395
2523399
2523449
2523453
2523507
2523511
2523590
2523594
2523653
2523657
2523715
2523719
2523996
2523998
2524004
2524006
2524007
2524025
2525034
2525035
2525045
2525046
2525047
2525051
2525095
2525096
2525097
2525276
2525353
2525369
2525417
2525449
2525493
2525506
2525542
2525585
2525631
2525662
2525712
2525724
2525745
2525762
2525787
2525819
2525834
2525862
2525876
2525905
2525918
2525948
2525964
2525991
2526005
2526034
2526381
2526392
2526669
2526809
2526940
2526968
2527749
2531968
2533058
2533064
2533066
2533076
2533705
2533707
2533736
2533739
2533776
2533795
2533890
2533891
2533892
2535096
2535097
2535098
2535099
2535998
2537562
2537565
2537568
2537572
2537576
2537580
2537739
2537743
2537747
2537749
2537753
2537755
2537788
2537792
2537797
2537798
2537802
2537805
2537832
2537835
2537838
2537843
2537845
2537848
2537875
2537880
2537884
2537887
2537889
2537894
2538101
2538146
2538179
2538199
2538223
2538436
2538487
2538491
2538916
2539734
2539736
2539738
2539801
2539803
2539805
2539807
2539808
2539811
2539812
2540770
2541257
2541264
2541836
2542962
2542963
2543718
2545046
2545048
2546349
2546468
2546672
2547405
2547489
2547732
2547949
2547991
2548958
2548960
2549496
2550394
2550395
2550396
2552611
2552612
2552613
2552614
2552999
2553389
2553394
2553399
2553404
2553409
2553414
2553419
2553424
2553429
2553434
2553439
2553444
2553449
2553454
2553459
2553878
2553881
2553885
2553886
2553887
2553888
2554128
2554130
2554217
2554218
2554219
2554220
2554257
2554265
2554269
2554276
2554277
2554284
2554290
2554555
2554556
2554557
2554601
2554602
2554603
2554604
2554831
2554832
2554833
2554834
2554837
2554838
2554839
2554841
2556061
2556064
2556065
2556068
2556071
2556074
2556133
2556136
2556141
2556178
2556183
2556184
2556199
2556203
2556207
2557351
2557398
2557427
2557436
2557437
2558903
2558904
2558913
2559083
2559128
2559143
2559204
2559232
2559266
2559296
2559775
2559780
2559821
2559836
2560915
2560916
2560919
2560933
2560935
2561320
2561436
2561437
2561438
2561439
2567196
2568499
2568505
2568508
2568512
2568548
2568551
2568553
2568554
2568926
2570089
2572642
2573009
2573010
2573075
2573076
2573077
2573078
2573079
2573080
2573081
2573082
2573083
2573084
2573085
2573086
2573106
2573449
2573451
2573465
2573468
2573470
2573571
2573947
2573949
2573952
2574239
2574277
2574870
2574873
2574920
2575027
2575029
2575031
2575340
2575341
2575342
2575343
2575344
2575345
2575346
2575347
2575348
2575349
2575350
2575351
2576307
2576977
2577149
2577155
2577307
2577557
2577558
2578462
2578463
2578464
2579509
2581337
2581338
2581339
2581340
2581375
2581419
2582080
2582081
2582082
2582083
2582085
2582086
2582087
2582088
2582090
2582091
2582092
2582093
2582095
2582096
2582097
2582098
2582196
2582198
2582200
2582315
2582940
2582941
2583244
2583248
2583253
2583257
2583316
2583320
2583324
2583333
2583399
2583400
2583429
2583460
2583546
2583572
2583783
2583810
2584037
2584039
2584040
2584042
2584163
2588527
2588531
2588537
2588840
2588841
2589361
2591322
2591325
2591327
2591329
2591331
2591334
2591336
2591338
2591341
2591343
2591346
2591348
2591350
2591352
2591355
2591357
2591360
2591362
2591364
2591366
2591369
2591371
2591374
2591376
2591378
2591380
2591382
2591384
2591386
2591388
2591391
2591394
2591396
2591399
2591402
2591404
2591406
2591408
2591410
2591412
2591414
2591416
2591419
2591421
2591424
2591426
2591428
2591430
2591433
2591435
2591438
2591440
2591442
2591444
2591447
2591449
2591452
2591454
2591456
2591458
2591460
2591462
2591464
2591467
2591469
2591472
2591474
2591477
2591479
2591481
2591507
2591652
2591655
2591656
2591658
2591661
2591663
2591664
2591667
2591668
2591671
2591673
2591675
2591677
2591678
2591680
2591682
2591684
2591686
2591689
2591691
2591692
2591694
2591697
2591704
2591707
2591709
2591711
2591713
2591715
2591716
2591719
2591720
2591723
2591725
2591727
2591729
2591730
2591733
2591735
2591737
2591739
2593205
2593206
2593207
2593208
2593209
2593210
2593211
2593212
2593213
2593214
2593215
2593216
2593217
2593218
2593219
2594282
2594284
2594286
2594288
2594290
2594292
2594294
2594296
2594298
2594300
2594302
2594304
2594306
2594411
2594414
2594416
2594424
2594426
2594427
2594429
2594431
2594433
2594436
2594437
2594440
2594946
2595378
2595412
2595437
2595977
2596164
2596170
2596175
2596176
2596181
2596183
2596222
2596223
2596230
2596231
2596235
2596239
2596276
2596281
2596282
2596287
2596289
2596293
2596329
2596335
2596337
2596343
2596346
2596347
2596363
2596364
2596371
2596373
2596377
2596378
2596393
2596398
2596402
2596404
2596407
2596409
2596868
2596885
2599274
2599288
2599316
2599346
2599380
2599408
2599436
2599457
2599458
2599459
2599460
2599461
2599462
2599463
2599464
2599465
2599466
2599467
2599468
2599469
2599470
2599471
2599472
2599473
2599474
2599475
2599476
2599477
2599478
2599479
2599480
2599481
2599482
2599483
2599484
2599485
2599486
2599487
2599488
2599489
2599490
2599491
2599492
2599493
2599494
2599495
2599496
2599497
2599498
2599499
2599500
2599501
2599502
2599503
2599504
2599505
2599506
2599507
2599508
2599509
2599510
2599511
2599512
2599513
2599514
2599515
2599516
2599517
2599518
2599519
2599520
2599521
2599522
2599523
2599524
2599525
2599526
2599527
2599528
2599529
2599530
2599531
2599532
2599533
2599534
2599535
2599536
2599537
2599538
2599539
2599540
2599710
2599711
2599712
2599713
2599714
2599715
2599716
2599717
2599718
2599719
2599720
2599721
2599722
2599723
2599724
2599725
2599726
2599727
2599728
2599729
2599730
2599731
2599732
2599733
2599734
2599737
2599739
2599740
2599742
2599744
2599746
2599748
2599766
2599767
2599768
2599769
2599770
2599771
2599772
2599773
2599885
2600792
2600798
2600804
2600810
2602752
2605117
2611114
2618003
2618009
2623917
2625000
2625243
2625247
2625253
2625254
2625258
2625450
2625766
2626002
2628017
2629289
2629569
2629701
2629703
2629983
2630186
2630510
2630512
2630678
2630679
2630688
2630689
2630690
2630691
2630692
2630693
2630694
2630695
2630696
2630697
2630720
2630874
2631418
2631423
2631425
2631453
2631458
2631460
2631490
2631492
2631494
2631523
2631528
2631529
2631559
2631562
2631565
2631593
2631597
2631601
2632488
2632490
2632491
2632565
2632568
2632572
2633998
2634030
2636190
2636478
2636479
2636483
2636488
2636490
2636492
2636495
2636500
2636501
2636508
2636511
2636518
2636522
2636525
2639376
2639412
2639673
2639674
2639691
2639695
2639697
2639726
2639730
2639732
2639895
2640063
2640330
2640331
2640332
2640333
2641461
2641557
2642670
2642719
2642878
2643057
2643439
2643525
2643616
2643667
2643780
2643800
2643952
2643962
2644104
2644228
2644423
2644439
2644454
2644672
2646212
2646213
2646214
2646215
2646218
2646219
2646220
2646221
2646222
2646223
2646224
2646225
2646226
2646227
2646669
2646693
2646741
2646744
2646979
2647005
2647035
2647076
2647079
2647082
2647086
2647088
2647090
2647093
2647096
2647100
2647102
2647107
2647110
2647484
2647488
2647809
2647810
2648051
2648253
2648542
2648546
2648559
2648564
2648565
2648587
2648590
2648591
2648614
2648616
2648619
2648644
2648647
2648648
2648671
2648676
2648677
2649454
2649955
2649956
2649988
2649989
2650277
2650284
2650286
2650291
2650292
2650296
2650721
2651267
2651781
2652409
2652429
2652464
2652490
2652517
2652542
2652564
2652593
2652618
2652653
2652677
2652707
2652725
2652757
2652781
2652815
2652835
2652863
2653203
2653207
2653210
2653262
2653263
2653268
2653298
2653302
2653305
2653336
2653339
2653344
2653377
2653381
2653383
2653399
2653496
2653499
2653503
2653533
2653536
2653540
2653554
2653558
2653562
2653594
2653597
2653599
2653613
2653618
2653619
2653651
2653655
2653659
2653673
2653677
2653679
2653711
2653713
2653717
2653732
2653734
2653738
2653771
2653774
2653776
2653878
2654065
2654151
2654237
2654326
2654404
2654522
2654825
2654983
2655067
2655144
2655223
2655644
2656188
2656956
2657067
2657159
2657275
2657322
2657407
2657412
2657415
2657419
2657421
2657449
2657454
2657457
2657460
2657464
2657520
2657614
2657753
2657840
2657929
2658613
2658614
2659640
2659643
2659647
2659688
2659690
2659695
2659722
2659724
2659728
2661165
2661170
2661172
2661199
2661203
2661206
2661233
2661238
2661240
2663188
2663189
2663190
2663822
2663823
2663824
2663825
2664247
2664286
2664622
2664670
2664672
2664673
2664690
2665050
2665687
2665688
2665689
2665690
2665701
2665702
2666507
2667098
2667120
2667154
2667606
2667842
2667846
2667904
2667908
2667970
2667974
2668178
2668182
2668229
2668233
2669715
2669718
2669719
2669739
2669740
2669741
2669742
2669743
2669744
2669745
2669746
2669747
2669748
2669749
2671294
2671298
2671300
2672047
2672048
2672329
2672341
2673005
2673007
2673008
2673012
2673014
2673016
2673363
2673364
2673365
2673398
2673399
2673400
2673401
2673402
2673403
2673404
2673405
2673406
2673407
2673408
2673409
2673434
2673435
2673436
2673453
2673454
2673455
2673456
2673743
2673744
2673745
2673746
2674455
2674801
2674803
2674807
2674810
2674814
2674817
2674887
2674889
2674893
2674896
2674899
2674901
2674905
2674909
2674912
2674915
2674918
2674921
2674974
2674977
2674981
2675393
2675444
2675501
2675544
2675595
2675711
2675714
2675934
2675967
2675984
2676004
2676031
2676042
2676074
2676086
2676117
2676129
2676160
2676171
2676203
2676217
2676246
2676257
2676289
2676301
2676332
2676344
2676375
2676388
2676418
2676434
2676461
2676474
2676504
2676519
2676547
2676563
2676590
2676605
2676633
2676644
2676676
2676688
2676719
2676735
2676762
2676778
2676805
2676817
2676851
2677165
2677169
2677206
2677210
2677511
2677569
2677654
2677739
2677824
2677909
2677994
2678079
2678199
2678278
2678358
2678432
2678514
2678588
2678639
2678819
2697668
2697669
2697821
2697905
2698044
2698186
2698736
2698791
2698834
2699201
2699203
2699205
2699208
2699213
2699216
2699267
2699270
2699273
2699278
2699280
2699282
2699337
2699338
2699343
2699346
2699347
2699351
2699403
2699408
2699409
2699414
2699416
2699419
2699473
2699476
2699478
2699481
2699483
2699486
2699541
2699544
2699545
2699550
2699552
2699554
2699607
2699612
2699615
2699617
2699620
2699622
2699677
2699680
2699681
2699685
2699687
2699692
2699745
2699747
2699750
2699754
2699755
2699758
2699814
2699818
2700032
2700075
2700170
2700197
2700207
2700253
2700324
2700741
2700742
2700743
2700924
2701126
2701136
2702832
2702848
2703273
2703328
2703929
2703930
2703931
2703932
2705961
2707721
2707723
2708583
2708613
2709356
2709358
2709360
2709454
2709455
2709843
2709920
2709922
2709931
2709935
2709975
2711904
2711906
2711907
2711908
2711911
2711912
2711913
2711915
2711921
2711922
2711923
2711925
2712016
2712157
2712158
2712161
2712213
2712217
2712221
2712224
2712227
2712230
2712322
2712326
2712328
2712332
2712333
2712336
2712339
2712343
2712346
2712348
2712351
2712356
2712357
2712361
2712365
2712368
2712369
2712373
2712715
2712718
2714743
2714748
2714754
2714757
2714758
2714763
2714788
2714792
2714795
2714799
2714803
2714807
2714865
2714868
2714873
2714874
2714878
2714880
2714898
2714904
2714905
2714910
2714913
2714915
2714993
2715022
2715045
2715071
2715132
2715846
2715870
2715899
2716002
2716025
2716061
2716087
2716267
2716307
2717168
2717169
2717170
2717171
2717172
2717173
2717174
2717175
2717176
2717177
2717178
2717179
2717180
2717181
2717182
2717183
2717184
2717185
2717186
2717187
2717205
2717206
2717207
2717208
2717209
2717210
2717211
2717212
2717213
2717214
2717215
2717216
2717217
2717218
2717219
2717220
2717221
2717222
2717223
2717224
2719017
2719019
2719839
2719842
2719851
2719853
2719856
2719858
2719860
2719862
2719863
2719865
2719973
2720057
2721288
2721300
2721347
2721352
2721371
2721501
2721607
2721615
2721671
2721735
2722328
2722333
2722552
2723139
2723190
2723480
2723489
2723638
2724257
2725560
2725566
2725753
2725754
2725755
2725756
2725757
2725758
2725759
2726935
2726938
2728809
2728810
2728905
2728909
2730641
2730647
2730649
2730652
2731601
2731602
2731603
2731604
2731605
2732121
2732131
2732762
2732763
2732768
2732773
2732852
2732855
2732860
2734325
2734412
2735728
2736139
2736141
2736143
2736245
2736323
2736340
2736364
2736388
2736418
2736711
2736713
2736748
2736750
2736752
2736754
2736757
2736759
2736767
2736769
2736771
2736773
2736775
2736778
2736779
2736782
2736789
2736791
2736807
2736808
2736811
2736812
2736814
2736816
2737018
2738107
2738111
2738121
2738125
2738179
2738182
2738209
2738213
2738218
2739016
2739079
2739080
2739433
2739437
2739441
2739445
2739469
2739470
2739708
2739711
2739712
2739713
2739774
2744988
2754055
2754260
2754279
2754709
2755031
2755145
2755205
2755289
2755503
2755659
2755682
2756042
2756058
2756382
2756417
2756423
2756586
2756718
2756798
2756829
2757005
2759752
2759756
2761283
2761362
2761685
2763487
2763520
2763709
2763710
2763711
2763712
2763713
2763714
2763715
2763716
2763717
2763718
2763719
2763720
2763721
2763722
2763723
2764539
2764541
2764542
2764545
2764547
2764562
2764564
2764567
2764569
2764570
2764572
2764575
2764577
2764579
2764581
2764583
2764584
2764586
2764589
2764590
2764593
2764594
2764596
2764598
2764600
2764602
2764604
2764607
2764609
2764610
2764612
2764615
2764617
2764619
2764621
2764622
2764624
2764627
2764628
2764630
2764632
2764651
2764652
2764654
2764656
2764659
2764661
2764663
2764665
2764666
2764669
2764670
2764673
2764675
2764677
2764679
2764680
2764683
2764684
2764856
2766102
2767958
2767959
2767960
2770065
2770245
2770298
2770306
2770401
2770416
2770550
2770721
2771011
2771311
2771437
2771913
2771967
2772224
2772608
2772621
2773334
2773335
2773336
2773337
2773338
2773339
2773340
2773341
2773342
2773343
2773344
2773345
2773346
2773347
2773348
2773349
2773350
2773351
2773352
2773353
2773354
2773355
2773356
2773357
2773358
2773359
2773360
2773361
2773362
2773363
2773364
2773365
2773366
2773367
2773368
2773369
2773370
2773371
2773372
2773373
2773374
2773819
2773820
2773821
2773822
2773823
2773824
2773825
2773826
2773827
2773828
2773829
2773830
2773831
2773832
2773833
2773834
2773835
2773836
2773837
2773838
2773839
2773840
2773841
2773842
2773843
2773844
2773845
2773846
2773847
2773848
2773849
2773850
2773851
2773852
2773853
2773854
2773855
2773856
2773857
2773858
2773859
2773860
2773861
2773862
2773904
2774115
2774116
2774117
2774118
2774119
2774120
2774121
2774122
2774123
2774124
2774125
2774126
2774127
2774128
2774129
2774130
2774131
2774132
2774133
2774134
2774135
2774136
2774137
2774138
2774139
2774140
2774141
2774142
2774143
2774144
2774145
2774146
2774147
2774148
2774149
2774150
2774151
2774152
2774153
2774154
2774155
2774156
2774157
2774158
2774159
2774160
2774161
2774162
2774163
2774164
2774165
2774166
2774200
2774201
2774202
2774203
2774522
2775612
2776983
2776986
2776989
2776992
2776995
2776998
2777001
2777004
2777007
2777010
2777013
2777016
2777019
2777022
2777025
2777028
2777693
2777823
2777826
2777829
2777850
2777852
2778705
2779511
2779514
2779526
2779529
2779532
2779544
2779547
2779550
2780624
2780971
2780974
2780986
2780989
2780992
2781430
2781467
2781878
2781880
2781882
2782375
2782378
2783307
2784524
2785036
2786398
2786399
2786400
2786401
2786402
2786403
2786404
2786405
2786406
2786407
2786408
2790727
2791473
2791511
2791530
2791545
2791560
2791579
2791595
2791612
2791628
2791821
2791823
2791825
2791827
2791829
2791831
2791833
2791835
2791837
2791839
2791841
2791843
2791845
2791847
2791849
2791851
2791853
2791855
2791857
2791859
2791861
2791863
2791865
2791867
2791869
2791871
2791873
2791875
2791877
2791879
2791881
2791883
2791885
2791887
2791889
2791891
2792217
2793032
2793033
2793034
2793035
2793138
2793416
2793417
2793418
2793419
2793420
2793665
2793668
2793671
2793674
2793677
2793680
2793683
2793686
2793690
2793692
2793695
2793698
2793934
2793936
2794048
2794050
2794052
2794054
2794068
2794070
2794072
2794074
2794514
2794516
2794518
2794520
2795539
2795549
2795672
2795675
2795678
2795714
2795717
2795720
2795756
2795759
2795762
2795808
2795811
2795814
2795835
2795836
2796884
2796885
2796886
2796887
2796888
2796889
2796890
2796891
2796892
2796893
2796894
2796895
2796896
2796897
2799159
2799162
2799165
2799187
2799190
2799193
2799215
2799218
2799221
2799243
2799246
2799249
2799272
2799275
2799278
2799300
2799303
2799306
2799328
2799331
2799334
2799356
2799359
2799362
2799384
2799387
2799390
2799499
2799502
2799505
2799560
2799563
2799566
2799584
2799587
2799590
2799864
2799868
2799904
2800226
2800245
2800254
2800273
2800289
2800291
2803798
2803800
2810375
2810571
2810874
2811347
2811438
2811782
2812470
2812699
2812875
2812890
2812953
2813144
2813351
2813470
2813471
2813472
2813473
2813474
2813620
2813626
2814169
2814323
2814433
2814482
2814718
2814945
2814967
2816431
2816434
2816437
2816440
2816444
2816448
2816451
2816453
2816455
2816459
2816461
2816464
2816468
2816599
2816605
2816609
2817646
2817647
2817700
2817845
2817865
2817885
2817901
2817942
2817963
2818028
2818029
2818035
2818039
2818043
2818420
2819218
2819741
2819789
2819838
2819864
2819868
2819872
2819943
2819944
2819949
2819950
2819955
2819957
2819959
2819962
2819965
2819970
2819972
2819987
2819990
2820112
2820115
2820122
2820124
2820128
2820134
2820138
2820144
2820150
2820156
2820475
2821267
2821271
2821274
2821276
2821409
2821653
2822417
2822998
2823095
2823096
2823140
2824752
2824754
2824808
2824809
2824812
2824841
2824846
2824847
2825100
2825104
2825919
2825920
2825921
2825922
2825923
2825924
2825925
2825926
2825970
2825971
2825972
2825973
2825974
2825975
2825976
2825993
2825994
2825995
2825996
2825997
2825998
2825999
2826000
2826001
2826002
2826003
2826004
2826005
2826006
2826007
2826008
2826009
2826010
2826011
2826012
2826013
2826014
2826015
2826016
2826017
2826018
2826019
2826020
2826037
2826039
2826042
2826043
2826046
2826047
2826049
2826051
2827896
2827898
2827899
2827901
2827904
2831716
2831974
2832271
2832582
2832656
2832703
2832803
2832908
2832982
2833165
2833808
2833818
2834275
2834713
2842291
2842296
2842301
2842822
2842824
2842826
2842829
2842831
2843748
2843822
2843910
2843996
2844042
2844122
2844471
2845041
2845042
2845044
2845045
2845046
2845047
2845049
2845051
2845120
2845121
2845122
2845123
2845125
2845126
2845127
2845128
2845129
2845130
2845131
2845132
2845133
2845134
2845448
2845450
2846002
2846314
2846315
2846316
2846317
2846318
2846351
2846352
2846353
2846354
2846389
2846390
2846405
2846406
2846407
2846408
2846422
2846423
2846424
2846830
2846831
2850206
2850208
2850209
2850211
2850213
2850216
2850217
2850219
2855274
2855277
2855278
2855280
2855282
2855285
2855287
2855289
2855290
2855293
2855294
2855297
2855299
2855300
2855302
2855304
2855549
2855941
2855957
2855982
2856014
2856045
2856073
2856099
2856129
2856150
2856514
2856534
2857902
2857911
2857925
2857986
2857993
2858267
2858310
2858353
2858396
2858442
2859027
2859029
2859030
2859033
2859035
2859037
2859039
2859041
2859042
2859044
2859047
2859048
2859051
2859053
2859054
2859056
2863944
2864161
2864164
2864166
2864180
2864184
2864187
2864200
2864201
2864204
2864217
2864220
2864225
2864237
2864239
2864244
2864256
2864260
2864263
2864286
2864288
2864291
2864320
2864324
2864326
2864354
2864359
2864360
2864390
2864393
2864395
2864426
2864427
2864430
2864460
2864462
2864467
2864496
2864499
2864502
2864530
2864534
2864535
2864566
2864567
2864571
2864601
2864602
2864607
2864634
2864637
2864640
2864671
2864674
2864676
2864705
2864707
2864710
2864739
2864744
2864746
2864775
2864779
2864781
2864811
2864813
2864816
2864846
2864847
2864851
2864880
2864884
2864887
2864915
2864919
2864921
2864950
2864953
2864957
2864984
2864988
2864992
2865021
2865022
2865025
2865055
2865058
2865062
2865090
2865092
2865097
2865126
2865127
2865132
2865159
2865163
2865166
2865196
2865199
2865202
2865230
2865234
2865236
2865266
2865268
2865271
2865299
2865303
2865305
2865334
2865338
2865341
2865424
2865428
2865431
2865436
2865438
2865442
2865461
2865463
2865469
2865472
2865473
2865478
2865491
2865498
2865500
2865505
2865507
2865511
2865526
2865528
2865535
2865536
2865541
2865544
2865559
2865564
2865566
2865569
2865572
2865576
2865613
2865619
2865622
2865625
2865629
2865632
2865669
2865676
2865678
2865681
2865685
2865688
2866689
2866830
2866890
2866891
2866892
2866896
2867165
2867167
2867201
2868402
2868442
2868485
2868528
2868570
2868761
2868810
2868853
2868896
2868939
2868985
2869548
2869594
2869652
2870221
2870228
2870230
2870236
2870912
2870998
2871026
2871056
2871471
2871489
2871530
2871546
2871589
2871609
2871652
2871670
2871710
2871728
2871781
2871785
2871840
2871844
2871899
2871903
2871961
2871966
2872005
2872025
2872063
2872081
2872120
2872140
2872185
2872203
2874481
2874482
2874483
2874484
2874485
2874486
2874487
2874488
2874489
2874490
2874491
2874492
2874493
2874494
2874495
2874496
2874497
2874498
2874499
2874500
2874501
2874502
2874842
2874843
2875349
2875351
2875876
2875880
2876013
2876017
2876020
2876023
2876026
2876027
2876091
2876094
2876226
2876228
2876238
2876239
2876240
2876241
2876242
2876243
2876244
2876245
2876246
2876247
2876248
2876249
2876250
2876251
2876252
2876253
2876254
2876255
2876256
2876257
2876258
2876259
2876260
2876261
2876262
2876263
2876264
2876265
2876266
2876267
2876268
2876269
2876270
2876352
2876353
2876354
2876355
2876356
2876357
2876358
2876359
2876360
2876361
2876362
2876363
2876364
2876365
2876366
2876367
2876368
2876369
2876370
2876371
2876372
2876373
2876374
2876375
2876376
2876377
2876378
2876379
2876380
2876381
2876382
2876383
2876384
2876385
2876386
2876387
2876388
2876389
2876390
2876391
2876392
2876393
2876394
2876395
2876396
2876397
2876398
2876399
2876400
2876401
2876402
2876403
2876404
2876405
2876406
2876542
2876543
2876544
2876545
2876546
2876547
2876548
2876549
2876550
2876551
2876552
2876553
2876554
2876555
2876556
2876557
2876558
2876559
2876560
2876561
2876562
2876563
2877372
2877373
2877374
2877375
2877376
2877377
2877378
2877634
2877638
2878180
2878360
2878405
2878449
2878535
2878566
2878638
2878639
2878640
2878641
2878642
2878643
2878805
2879278
2879286
2879287
2879288
2879289
2879290
2879291
2879292
2879293
2879335
2880204
2880220
2880221
2880222
2880223
2880473
2880685
2880687
2880689
2881414
2882180
2882181
2882182
2883085
2883087
2883219
2883307
2883340
2883371
2883403
2883434
2883465
2883498
2883529
2883561
2883594
2883630
2883748
2883750
2883751
2883754
2883756
2883757
2883760
2883761
2883763
2883766
2883767
2883769
2883770
2883772
2883774
2883775
2883777
2883779
2883780
2884266
2884295
2885033
2885283
2885285
2885290
2885294
2885299
2885302
2886031
2886032
2886033
2886034
2886035
2886036
2886037
2886038
2886039
2886040
2886041
2886042
2886043
2886044
2886045
2886046
2886047
2886152
2886161
2886162
2886170
2886173
2886232
2886234
2886236
2886239
2887614
2887615
2887616
2887617
2887695
2887699
2887712
2888632
2888656
2888760
2889636
2889637
2889638
2889639
2891182
2891189
2891193
2891195
2891197
2891200
2891351
2891355
2891360
2891363
2891367
2891370
2891408
2891412
2891414
2891419
2891422
2891425
2891463
2891466
2891473
2891475
2891478
2891481
2891518
2891523
2891529
2891530
2891534
2891537
2892419
2892420
2892427
2892437
2892438
2892442
2892449
2892451
2892458
2892459
2892463
2892465
2893227
2893228
2893244
2893247
2893253
2893255
2893260
2893262
2893299
2893302
2893305
2893310
2893312
2893315
2893350
2893356
2893361
2893362
2893367
2893370
2893408
2893414
2893416
2893419
2893423
2893427
2893466
2893470
2893472
2893476
2893479
2893483
2894381
2894385
2894390
2894393
2894398
2894401
2894409
2894412
2894418
2894420
2894425
2894427
2894438
2894441
2894446
2894449
2894452
2894453
2894465
2894467
2894471
2894476
2894477
2894482
2894492
2894493
2894500
2894501
2894504
2894509
2894519
2894521
2894527
2894530
2894533
2894536
2894544
2894548
2894554
2894556
2894558
2894562
2894570
2894577
2894578
2894584
2894586
2894589
2894597
2894603
2894607
2894611
2894612
2894617
2894625
2894630
2894632
2894638
2894639
2894644
2894651
2894657
2894659
2894665
2894666
2894669
2894679
2894685
2894689
2894692
2894694
2894698
2894708
2894712
2894716
2894717
2894720
2894725
2894732
2894737
2894742
2894744
2894747
2894752
2894760
2894764
2894768
2894771
2894775
2894778
2894788
2894791
2894796
2894798
2894802
2894806
2894816
2894819
2894823
2894827
2894828
2894833
2894852
2894856
2894863
2894865
2894868
2894872
2895086
2895297
2895298
2895418
2895419
2895420
2895421
2895512
2895517
2895519
2895522
2895526
2895529
2896750
2896753
2897114
2897115
2897118
2897119
2897181
2897186
2897189
2897203
2897206
2897210
2897222
2897224
2897229
2897240
2897243
2897248
2897261
2897264
2897267
2897277
2897308
2897982
2898007
2898026
2898629
2898631
2898784
2898789
2899950
2899952
2899955
2899972
2899987
2900029
2900040
2900072
2900087
2900105
2900136
2900158
2900172
2900185
2900187
2900190
2900207
2900223
2900298
2900299
2900302
2900342
2900344
2900347
2900348
2900352
2900355
2900356
2900359
2900714
2900717
2900718
2900721
2900723
2900725
2900885
2900887
2900888
2949567
2966335
2966617
2968582
2968583
2968584
2968585
2968586
2968587
2968588
2968589
2968590
2968591
2968592
2968593
2968594
2968595
2968596
2968597
2968598
2968599
2968600
2968601
2968618
2968619
2968620
2968621
2969765
2969766
2969767
2969768
2969769
2969770
2969999
2970001
2970004
2970375
2971759
2971760
2971762
2971768
2971770
2971773
2972084
2977575
2977576
2977577
2977578
2977579
2977580
2977581
2977638
2978899
2980114
2980132
2980155
2980181
2980208
2980342
2980364
2980634
2980638
2980640
2980643
2980647
2980650
2980653
2980656
2980659
2980661
2980665
2980696
2981465
2981468
2981471
2981474
2981477
2981480
2981538
2981543
2981545
2981575
2981577
2981579
2981609
2981613
2981614
2981645
2981647
2981650
2981679
2981683
2981684
2981730
2981735
2981736
2981765
2981769
2981772
2981801
2981803
2981807
2981836
2981838
2981841
2981854
2981856
2981859
2982031
2982035
2982039
2982041
2982045
2982046
2982554
2982558
2982562
2982602
2982606
2983213
2983251
2983646
2984032
2984039
2984071
2984819
2984851
2984885
2984916
2984947
2984978
2985457
2985684
2985686
2985687
2986061
2986078
2986805
2986808
2986813
2986830
2986832
2986835
2986865
2986867
2986871
2986898
2986902
2986904
2986933
2986934
2986938
2986966
2986970
2986974
2987003
2987004
2987007
2987037
2987040
2987043
2987134
2987138
2987142
2987487
2988302
2988303
2988304
2988596
2989603
2989604
2989617
2989618
2989657
2989683
2989702
2989761
2989778
2989802
2989829
2989853
2990339
2990340
2991992
2992200
2992202
2992204
2992208
2993637
2993639
2993643
2993663
2993666
2993670
2993682
2993685
2993689
2993717
2993720
2993724
2993744
2993746
2993749
2993771
2993773
2993776
2994627
2994631
2994634
2994636
2994639
2994642
2994652
2994657
2994662
2994664
2994668
2994669
2994678
2994685
2994686
2994691
2994695
2994697
2994705
2994710
2994713
2994719
2994720
2994724
2994732
2994737
2994743
2994746
2994749
2994750
2995601
2995602
2995613
2995676
2995677
2995780
2995788
2995796
2996975
2996985
2996987
2996989
2996991
2997071
2997072
2998551
2998552
2998770
2998847
2998894
2998921
2998940
2998990
2999008
2999061
2999079
2999127
2999147
2999208
2999262
2999338
2999396
2999414
2999566
2999569
2999588
2999590
2999595
2999598
2999630
2999631
2999633
2999635
2999637
2999640
2999642
2999643
2999803
2999846
2999889
2999932
2999975
3000018
3000061
3000104
3000155
3000198
3000244
3000290
3000700
3000724
3001056
3001058
3001060
3001063
3001067
3001069
3001074
3001076
3001080
3001082
3001084
3001088
3001092
3001094
3001098
3001100
3002584
3002591
3002593
3002621
3002622
3002623
3002624
3002625
3002626
3002627
3002628
3002629
3002630
3002631
3002644
3002645
3002646
3002647
3002648
3002649
3002679
3002680
3002681
3002682
3002683
3002684
3005387
3005388
3005393
3005394
3006143
3006191
3006239
3006285
3006331
3006377
3006423
3006489
3006562
3006605
3006648
3006712
3006787
3006838
3006881
3006924
3006967
3007010
3007065
3007101
3007144
3007193
3007236
3007279
3007322
3007365
3007408
3007451
3007494
3007604
3007647
3007690
3007733
3007776
3007819
3007862
3007905
3007948
3007991
3008034
3008113
3008137
3008173
3008906
3008908
3008910
3008912
3010756
3010758
3010765
3011538
3011539
3011540
3011541
3011542
3011543
3012532
3012536
3012538
3012563
3012566
3012570
3012575
3012579
3012583
3012604
3012606
3012610
3012637
3012640
3012645
3015329
3015587
3015607
3015635
3016544
3016547
3017396
3017466
3017477
3017498
3017510
3017530
3017542
3017556
3017557
3017558
3017559
3017560
3017561
3017562
3017563
3017958
3017972
3020632
3020635
3021138
3021141
3021144
3021147
3022144
3022145
3022146
3022148
3022149
3022150
3022152
3022153
3022156
3022157
3022159
3022160
3022170
3022171
3022172
3022174
3022175
3022176
3022179
3022180
3022191
3022192
3022194
3022195
3022402
3023603
3024181
3024244
3028597
3028634
3028847
3028872
3028905
3028996
3029000
3029003
3029512
3029698
3029718
3030289
3030290
3030291
3030292
3030293
3030294
3030295
3030296
3030800
3030801
3030802
3030803
3030804
3030805
3030806
3030807
3030852
3030876
3032044
3032109
3032525
3034205
3034206
3034207
3034208
3034240
3034241
3034336
3034337
3034338
3034572
3034781
3034990
3036717
3037370
3038836
3038837
3039611
3040755
3056252
3056256
3056257
3056550
3056586
3056587
3056696
3056776
3056801
3056836
3056859
3056978
3057517
3057688
3057995
3058006
3058007
3058186
3058380
3058382
3058436
3058438
3058531
3058737
3059029
3059138
3059139
3059140
3059141
3059142
3059143
3059259
3059411
3059480
3059481
3059860
3060128
3060460
3060878
3061049
3061208
3061212
3061517
3061986
3061997
3062981
3063195
3063230
3063410
3063543
3063555
3063611
3063654
3063655
3063828
3064139
3064333
3064427
3064445
3066853
3067102
3067103
3067138
3071854
3071855
3071856
3071857
3071858
3072456
3073662
3073663
3073664
3073665
3073666
3073667
3073668
3073669
3073670
3073671
3073672
3073673
3073674
3073675
3073676
3073677
3073678
3073679
3073680
3073681
3073682
3073683
3073684
3073685
3073686
3073687
3073990
3073995
3074000
3074254
3074255
3074258
3077670
3080608
3080610
3080611
3080612
3080616
3080617
3081828
3081954
3081988
3083464
3083466
3083467
3083470
3083471
3083474
3083477
3083478
3083480
3083482
3083484
3083486
3083693
3083807
3084142
3084242
3084246
3084249
3084253
3084254
3084258
3084261
3088294
3088406
3088413
3088793
3088832
3089056
3089059
3089061
3089064
3089067
3089090
3089092
3089179
3089180
3089185
3089208
3089210
3089214
3089243
3089247
3089248
3089278
3089282
3089284
3089315
3089320
3089321
3089360
3089364
3089368
3089382
3089384
3089387
3089428
3089431
3089434
3089481
3089482
3089808
3089812
3089823
3089825
3089830
3089843
3089846
3089848
3089860
3089864
3089867
3089878
3089881
3089891
3089896
3089898
3089911
3089914
3089917
3089931
3089934
3089935
3089949
3089952
3089955
3089969
3089971
3089973
3089987
3089989
3089994
3090007
3090008
3090011
3092224
3092228
3092229
3092232
3092237
3092239
3092241
3092245
3092247
3092252
3092254
3092258
3092259
3092262
3092267
3092268
3092272
3092275
3092279
3092280
3092283
3092287
3093665
3093667
3093671
3096447
3097229
3097233
3098443
3098444
3098626
3100603
3100608
3100610
3102707
3102710
3102711
3102713
3102725
3102728
3102729
3102732
3102736
3102741
3102745
3104268
3104269
3104270
3104271
3104272
3104273
3104274
3105465
3105466
3105473
3105474
3105480
3105482
3105486
3105493
3105496
3105500
3105502
3105506
3105511
3105517
3105520
3105525
3105529
3105530
3105537
3105541
3105544
3105548
3105550
3105557
3105558
3105562
3105566
3105573
3105576
3105579
3105585
3105589
3109082
3109101
3109197
3109199
3109205
3109207
3109209
3109213
3109255
3109257
3109262
3109266
3109268
3109272
3109313
3109319
3109323
3109324
3109327
3109331
3109374
3109376
3109382
3109383
3109386
3109390
3109433
3109437
3109440
3109445
3109448
3109449
3109472
3109477
3109480
3109485
3109486
3109489
3110433
3110434
3110435
3110436
3111836
3111922
3111951
3111952
3112248
3112252
3112254
3112259
3112262
3112323
3112327
3163714
3163810
3164108
3164239
3164241
3164398
3164491
3164504
3164505
3164556
3164780
3164805
3164860
3164986
3165098
3165340
3165349
3165398
3165508
3165558
3165831
3165847
3165892
3166060
3166154
3166509
3166625
3166626
3166957
3166994
3167136
3167174
3167186
3167417
3167485
3167506
3167847
3168136
3168225
3168323
3168331
3168368
3168395
3168402
3168475
3168567
3168583
3168677
3168693
3169270
3169331
3169388
3169414
3169517
3169531
3169597
3169698
3169895
3170096
3170181
3170390
3170457
3170637
3170715
3171046
3171214
3171750
3172240
3172266
3172487
3172499
3172541
3172593
3172706
3172838
3173082
3173131
3173152
3173218
3173381
3173411
3173712
3173887
3173991
3174095
3174108
3174170
3174190
3174322
3174330
3174337
3174357
3174576
3174672
3174899
3174900
3175007
3175043
3175191
3175338
3175472
3175474
3175537
3175565
3175640
3175651
3175694
3175768
3175929
3175963
3176000
3176666
3176729
3176790
3176797
3176822
3176899
3176927
3177177
3177298
3177504
3177671
3177743
3177988
3178134
3178140
3178155
3178345
3178398
3178416
3178544
3178694
3178986
3179011
3179090
3179372
3179651
3179684
3179721
3179768
3179788
3179792
3179802
3179958
3179976
3179982
3180123
3180182
3180191
3180264
3180431
3180499
3180590
3180816
3180827
3181113
3181168
3181260
3181261
3181364
3181377
3181424
3181470
3181730
3182025
3182041
3182056
3182404
3182418
3182524
3182589
3182617
3182736
3182756
3182765
3182933
3183218
3183319
3183368
3183554
3183584
3183943
3184039
3184081
3184213
3184307
3184405
3184449
3184522
3184819
3184826
3185030
3185208
3185231
3185302
3185378
3185425
3185461
3185491
3185581
3185603
3185644
3185966
3186135
3186326
3186349
3186472
3186704
3186706
3186764
3186878
3187015
3187108
3187144
3187171
3187188
3187238
3187346
3187614
3187615
3187691
3187779
3187844
3188014
3188147
3188306
3188343
3188406
3188468
3188699
3188784
3188795
3189558
3189579
3189743
3190033
3190117
3190181
3190201
3190339
3190515
3190743
3190763
3190767
3190808
3190889
3191175
3191188
3191303
3191771
3191773
3192165
3192239
3192241
3192248
3192255
3192282
3192443
3192477
3192682
3192886
3193043
3193167
3193182
3193292
3193310
3193467
3193540
3193591
3193682
3193715
3193801
3193883
3193896
3193990
3194063
3194074
3194180
3194290
3194337
3194421
3194456
3194691
3194845
3195026
3195510
3195573
3195721
3195816
3195832
3195835
3195879
3195914
3196070
3196071
3196391
3196392
3196445
3196498
3196506
3196510
3196511
3196677
3196689
3196715
3196844
3196863
3196904
3196963
3197005
3197099
3197246
3197309
3197317
3197523
3197628
3197902
3198172
3198231
3198277
3198300
3198326
3198332
3198432
3198450
3198481
3198664
3198961
3199093
3199396
3199485
3199503
3199560
3199767
3199832
3199946
3199947
3200102
3200205
3200285
3200478
3200549
3200648
3200714
3200832
3201135
3201505
3201537
3201625
3201750
3201988
3202025
3202114
3202165
3202197
3202547
3202548
3202556
3202946
3202965
3203008
3203033
3203064
3203576
3203608
3203647
3203677
3203815
3204012
3204122
3204338
3204398
3204500
3204610
3204662
3204787
3204798
3204824
3204853
3204879
3205228
3205309
3205336
3205345
3205869
3206021
3206042
3206270
3206289
3206405
3206442
3206552
3206737
3206750
3206915
3206925
3206973
3207456
3207520
3207574
3207717
3207788
3207835
3207837
3207938
3208281
3208315
3208543
3208599
3208688
3208786
3208838
3208876
3208972
3208979
3209016
3209065
3209141
3209148
3209317
3209548
3209557
3209737
3209845
3210148
3210227
3210521
3210617
3210703
3210726
3210924
3210937
3210975
3211001
3211038
3211134
3211151
3211152
3211190
3211264
3211302
3211347
3211394
3211404
3211417
3211480
3211522
3211644
3211664
3211776
3212054
3212081
3212127
3212139
3212140
3212263
3212278
3212301
3212322
3212357
3212392
3212588
3212613
3212801
3212869
3213012
3213106
3213243
3213289
3213328
3213386
3213416
3213434
3213562
3213768
3213813
3213872
3213887
3213900
3213978
3213986
3214076
3214119
3214148
3214171
3214173
3214195
3214198
3214204
3214316
3214382
3214385
3214386
3214411
3214457
3214463
3214615
3214640
3214644
3214764
3214767
3214769
3214771
3214778
3214944
3215060
3215110
3215127
3215165
3215293
3215296
3215332
3215365
3215448
3215490
3215554
3215598
3215675
3215691
3215784
3215811
3215963
3215964
3215994
3216010
3216071
3216079
3216125
3216138
3216150
3216156
3216215
3216356
3216422
3216467
3216468
3216581
3216673
3216738
3216744
3216759
3216935
3217000
3217132
3217195
3217249
3217358
3217400
3217739
3217741
3217743
3217805
3217825
3218023
3218049
3218133
3218151
3218153
3218154
3218155
3218157
3218159
3218176
3218328
3218332
3218354
3218387
3218530
3218575
3218667
3218691
3218740
3219025
3219084
3219093
3219097
3219139
3219157
3219178
3219290
3219314
3219343
3219524
3219530
3219534
3219725
3220267
3220344
3220389
3220451
3220550
3220639
3220699
3220847
3220851
3220853
3220859
3220861
3220896
3221052
3221193
3221266
3221294
3221297
3221339
3221341
3221557
3221580
3221638
3221947
3221987
3222060
3222200
3222230
3222295
3222349
3222363
3222367
3222384
3222445
3222472
3222489
3222638
3222693
3222704
3222750
3222793
3222799
3222943
3222946
3222949
3223008
3223009
3223011
3223031
3223032
3223035
3223098
3223101
3223102
3223103
3223105
3223107
3223147
3223184
3223195
3223212
3223259
3223403
3223454
3223486
3223545
3223561
3223594
3223736
3223769
3223861
3223874
3223950
3223955
3223987
3224108
3224110
3224150
3224202
3224318
3224321
3224433
3224531
3224535
3224801
3224802
3224806
3224867
3225021
3225027
3225039
3225070
3225172
3225182
3225238
3225261
3225341
3225521
3225534
3225571
3225647
3225653
3225658
3225695
3225801
3225993
3226005
3226009
3226011
3226032
3226069
3226101
3226137
3226160
3226225
3226295
3226297
3226311
3226323
3226361
3226530
3226631
3226763
3226800
3226843
3227073
3227181
3227325
3227351
3227399
3227599
3227714
3227759
3227777
3227797
3227840
3227860
3227910
3227968
3227969
3227974
3227978
3228231
3228287
3228316
3228322
3228361
3228387
3228422
3228455
3228528
3228537
3228598
3228658
3228671
3228676
3228745
3228759
3228787
3228846
3229082
3229135
3229155
3229289
3229295
3229443
3229447
3229448
3229449
3229461
3229491
3229517
3229523
3229555
3229589
3229607
3229813
3230077
3230127
3230164
3230480
3230608
3230784
3230939
3231021
3231046
3231088
3231089
3231090
3231101
3231387
3231433
3231480
3231486
3231487
3231509
3231525
3231718
3231721
3231921
3231933
3232013
3232023
3232084
3232112
3232133
3232141
3232157
3232255
3232283
3232286
3232295
3232309
3232353
3232483
3232487
3232638
3232682
3232713
3232768
3232822
3232995
3232996
3233082
3233114
3233192
3233227
3233288
3233292
3233295
3233486
3233524
3233594
3233597
3233650
3233912
3233936
3233941
3233942
3233944
3233959
3233995
3234012
3234111
3234124
3234198
3234338
3234350
3234366
3234370
3234421
3234526
3234538
3234579
3234582
3234612
3234658
3234708
3234736
3234773
3234849
3234955
3234969
3235099
3235180
3235184
3235202
3235206
3235483
3235612
3235678
3235727
3235873
3235875
3235910
3235912
3235966
3236023
3236083
3236121
3236131
3236316
3236351
3236370
3236374
3236377
3236487
3236513
3236521
3236623
3236688
3236767
3236946
3237059
3237081
3237104
3237112
3237127
3237219
3237271
3237287
3237303
3237325
3237676
3237723
3237768
3237783
3237890
3237933
3237977
3238025
3238098
3238102
3238120
3238142
3238176
3238187
3238227
3238271
3238304
3238406
3238511
3238570
3238573
3238658
3238672
3238765
3238862
3238873
3238876
3238950
3238951
3238954
3238968
3238971
3238980
3239127
3239234
3239280
3239448
3239565
3239624
3239701
3239705
3239730
3239752
3239899
3239947
3239984
3239986
3239989
3239990
3240007
3240009
3240011
3240184
3240248
3240279
3240340
3240351
3240413
3240486
3240568
3240757
3240767
3240950
3241048
3241060
3241128
3241197
3241268
3241273
3241288
3241471
3241504
3241642
3241647
3241659
3241670
3241672
3241695
3241733
3242032
3242047
3242108
3242140
3242257
3242263
3242482
3242507
3242543
3242546
3242627
3242650
3242693
3242825
3242878
3242911
3242926
3242935
3243078
3243090
3243250
3243328
3243347
3243366
3243368
3243503
3243504
3243505
3243535
3243553
3243595
3243696
3243705
3244002
3244090
3244109
3244123
3244133
3244317
3244323
3244363
3244417
3244511
3244515
3244526
3244609
3244631
3244656
3244669
3244760
3244858
3244899
3244908
3244909
3244922
3245005
3245099
3245269
3245377
3245481
3245501
3245579
3245737
3245791
3245798
3245805
3245928
3245943
3245970
3245974
3246009
3246149
3246224
3246265
3246274
3246286
3246319
3246400
3246434
3246503
3246519
3246529
3246581
3246585
3246664
3246865
3246908
3247034
3247046
3247098
3247423
3247485
3247501
3247564
3247652
3247686
3247739
3247969
3247974
3247989
3248173
3248281
3248283
3248376
3248567
3248741
3248745
3248879
3248897
3248918
3249177
3249201
3249354
3249432
3249648
3249767
3249933
3250079
3250209
3250486
3250488
3250607
3250608
3250701
3250825
3250849
3250929
3250965
3251008
3251154
3251254
3251336
3251546
3251763
3251962
3252087
3252306
3252414
3252627
3252650
3252669
3252714
3252939
3252986
3253500
3253541
3253554
3253565
3253567
3253644
3253715
3253847
3253882
3253883
3253916
3253976
3254063
3254188
3254197
3254330
3254616
3254855
3255174
3255208
3255364
3255366
3255649
3255653
3255654
3255787
3255843
3255860
3256160
3256183
3256304
3256442
3256452
3256494
3256802
3256810
3257094
3257240
3257380
3257448
3257454
3257523
3257613
3257622
3257628
3257977
3257979
3257984
3257986
3258110
3258360
3258431
3258449
3258467
3258688
3258838
3258960
3259076
3259107
3259236
3259346
3259530
3259558
3259758
3259912
3259915
3260051
3260138
3260166
3260289
3260371
3260691
3260747
3260748
3260749
3260795
3261052
3261068
3261117
3261224
3261231
3261261
3261266
3261332
3261333
3261393
3261482
3261486
3261530
3261562
3261803
3261939
3262174
3262204
3262205
3262321
3262376
3262400
3262402
3262408
3262465
3262485
3262518
3262537
3262542
3262750
3262755
3262965
3262975
3263123
3263167
3263169
3263183
3263375
3263455
3263554
3263642
3263701
3263723
3264114
3264221
3264595
3264654
3265162
3265180
3265210
3265256
3265355
3265481
3265661
3266197
3266411
3266451
3266470
3266502
3266601
3266652
3266735
3266824
3266895
3266937
3266961
3267051
3267068
3267144
3267155
3267156
3267188
3267267
3267426
3267572
3267573
3267948
3268004
3268010
3268298
3268406
3268463
3268643
3268724
3268802
3268911
3268950
3268984
3268985
3269060
3269451
3269547
3269584
3269749
3269791
3269838
3269988
3270053
3270099
3270126
3270273
3270369
3270442
3270554
3270651
3270691
3270763
3270792
3270826
3270958
3271041
3271085
3271230
3271282
3271462
3271633
3271782
3271864
3271974
3271996
3272010
3272063
3272125
3272242
3272578
3272599
3272697
3272723
3272752
3272825
3272918
3272988
3273035
3273131
3273144
3273218
3273386
3273393
3273753
3273781
3273822
3273830
3273844
3273962
3274029
3274503
3274630
3274913
3274914
3274917
3275045
3275186
3275187
3275190
3275206
3275214
3275331
3275360
3275371
3275427
3275650
3275713
3275799
3275870
3275892
3275923
3276082
3276172
3276178
3276245
3276313
3276357
3276413
3276487
3276490
3276551
3276576
3276750
3276790
3276842
3276882
3276949
3277112
3277137
3277138
3277355
3277418
3277421
3277514
3277516
3277848
3277890
3277925
3277976
3278170
3278190
3278270
3278429
3278586
3278605
3278658
3278729
3278871
3278948
3279002
3279066
3279194
3279199
3279247
3279455
3279649
3279813
3279986
3279991
3280047
3280110
3280161
3280453
3280770
3280925
3281046
3281135
3281318
3281492
3281623
3281709
3281924
3281931
3282112
3282229
3282278
3282286
3282436
3282441
3282997
3283178
3283393
3283677
3283678
3283822
3283858
3284160
3284161
3284339
3284463
3284503
3284549
3284851
3285025
3285126
3285164
3285237
3285472
3285519
3285532
3285715
3285774
3285790
3285847
3285984
3286626
3286812
3286957
3287028
3287172
3287173
3287244
3287551
3287591
3287631
3287640
3287750
3287751
3288474
3288519
3289067
3289072
3289092
3289282
3289298
3289321
3289464
3289469
3289498
3289720
3289773
3290001
3290063
3290334
3290337
3290699
3290820
3290936
3291105
3291188
3291519
3291590
3291634
3291692
3291699
3291875
3291996
3292021
3292060
3292146
3292318
3292335
3292344
3292394
3292501
3292895
3293248
3293303
3293612
3293731
3293780
3294009
3294213
3294395
3294451
3294507
3294912
3295003
3295115
3295277
3295339
3295410
3295548
3295829
3295944
3296311
3296394
3296463
3296501
3296533
3296589
3296665
3296717
3296896
3296961
3297012
3297097
3297105
3297541
3297560
3297594
3297633
3297742
3297981
3298369
3298430
3298490
3298714
3298772
3298778
3298915
3298958
3299390
3299595
3299596
3299624
3299650
3299742
3299935
3299942
3300024
3300034
3300035
3300469
3300777
3300850
3300920
3300968
3301061
3301162
3301672
3301784
3302053
3302172
3302192
3302291
3302661
3302779
3303190
3303208
3303286
3303601
3303610
3303611
3303710
3303721
3303782
3303834
3303956
3304823
3304912
3305203
3305300
3305315
3305557
3305769
3305937
3306055
3306104
3306185
3306269
3306456
3306457
3306514
3306637
3306698
3306826
3306910
3306945
3307071
3307120
3307142
3307162
3307174
3307175
3307219
3307230
3307231
3307252
3307543
3307653
3307991
3308090
3308295
3308304
3308436
3308968
3309193
3309509
3309760
3309831
3309902
3310046
3310226
3310429
3310469
3310569
3311110
3311139
3311460
3311461
3311487
3312034
3312129
3312271
3312379
3312447
3312537
3312645
3312945
3312973
3312985
3313017
3313372
3313453
3314013
3314155
3314240
3314262
3314385
3314447
3314547
3314548
3314570
3314775
3315053
3315055
3315160
3315256
3315258
3315536
3315597
3315692
3315765
3315789
3315794
3315949
3316061
3316200
3316215
3316374
3316583
3316677
3316780
3316810
3316929
3317010
3317389
3317467
3317631
3317847
3317913
3317951
3318011
3318023
3318272
3318273
3318286
3318547
3318779
3318791
3318940
3319010
3319083
3319242
3319283
3319919
3320057
3320058
3320086
3320298
3320375
3320381
3320395
3320407
3320599
3320836
3320871
3320872
3320890
3320951
3321111
3321636
3321694
3321930
3321933
3322028
3322158
3322243
3322564
3322665
3322690
3322727
3322749
3322876
3322953
3322973
3323008
3323085
3323376
3323395
3323469
3323632
3323758
3323790
3323968
3324035
3324111
3324167
3324208
3324223
3324366
3324521
3324651
3324656
3324683
3324795
3324876
3324901
3324951
3325091
3325143
3325165
3325171
3325244
3325292
3325628
3325709
3325724
3325964
3326080
3326317
3326444
3326699
3326742
3326806
3327160
3327162
3327174
3327259
3327328
3327366
3327376
3327442
3327467
3327863
3327866
3327886
3327983
3328255
3328292
3328316
3328422
3328435
3328517
3328597
3328698
3328782
3328990
3329078
3329274
3329363
3329560
3329727
3329844
3329918
3330119
3330300
3330457
3330647
3331082
3331096
3331158
3331407
3331431
3331487
3331881
3332226
3332228
3332269
3332328
3332719
3332738
3332807
3333116
3333222
3333274
3333300
3333320
3333483
3333888
3333931
3333937
3333978
3334137
3334146
3334246
3334357
3334428
3335265
3335467
3335499
3335525
3335671
3335700
3335812
3335822
3335879
3335927
3335951
3335980
3336087
3336442
3336498
3336529
3336563
3336684
3336702
3336962
3337050
3337141
3337247
3337387
3337478
3337529
3337587
3337699
3337725
3337774
3337809
3337950
3337968
3338058
3338159
3338184
3338475
3338540
3339143
3339263
3339281
3339307
3339323
3339336
3339338
3339435
3339495
3339701
3339788
3339930
3339960
3340019
3340318
3340371
3340384
3340457
3340487
3340618
3340644
3340832
3341198
3341235
3341236
3341529
3341637
3341654
3341940
3341953
3341991
3342211
3342415
3342438
3342486
3342530
3342558
3342651
3342868
3342873
3342889
3343082
3343261
3343439
3343508
3343520
3343549
3343568
3343609
3343697
3344065
3344412
3344462
3344691
3344958
3345342
3345379
3345494
3345552
3345578
3345584
3345691
3345692
3345708
3345814
3345859
3345997
3346021
3346091
3346157
3346241
3346294
3346319
3346342
3346416
3346445
3346731
3346900
3346945
3346968
3347045
3347052
3347160
3347176
3347377
3347454
3347470
3347583
3347591
3347597
3347664
3347695
3347804
3347936
3348214
3348287
3348336
3348380
3348536
3348642
3348733
3348936
3349204
3349251
3349269
3349392
3349482
3349520
3349547
3349655
3349701
3349808
3349871
3350036
3350095
3350185
3350399
3350589
3350728
3350920
3350922
3351044
3351079
3351248
3351309
3351440
3351768
3351770
3351822
3352183
3352200
3352201
3352285
3352305
3352440
3352641
3352660
3352750
3352910
3353008
3353031
3353142
3353257
3353282
3353431
3353441
3353442
3353478
3353578
3353679
3354325
3354398
3354435
3354833
3354972
3355181
3355308
3355453
3355537
3355568
3355616
3355648
3356163
3356166
3356274
3356566
3356595
3356819
3356939
3356967
3357078
3357179
3357199
3357212
3357217
3357218
3357261
3357296
3357347
3357440
3357472
3357473
3357568
3357693
3357767
3357803
3357823
3358160
3358338
3358364
3358380
3358429
3358490
3358666
3358897
3358973
3359072
3359166
3359222
3359512
3359535
3359789
3359898
3360000
3360021
3360547
3360672
3360738
3360831
3360924
3361076
3361103
3361147
3361264
3361284
3361287
3361354
3361555
3361602
3361657
3361659
3361780
3361817
3361839
3362086
3362312
3362448
3363071
3363115
3363268
3363285
3363361
3363391
3363701
3363810
3363854
3364011
3364219
3364228
3364518
3364587
3364716
3364890
3364891
3364919
3364959
3365128
3365192
3365201
3365349
3365627
3365697
3365838
3366313
3366317
3366363
3366465
3366480
3366483
3366541
3366573
3366639
3366722
3366936
3367452
3367625
3367686
3367739
3367800
3367977
3368103
3368507
3368560
3368692
3368812
3368843
3368877
3368882
3368917
3368935
3369000
3369006
3369174
3369511
3369599
3369629
3369658
3369812
3369834
3370299
3370312
3370553
3370667
3371003
3371080
3371130
3371369
3371523
3371580
3371622
3371747
3371815
3371919
3371985
3372104
3372149
3372154
3372228
3372294
3372357
3372423
3372641
3372659
3372784
3372817
3372833
3372991
3373037
3373041
3373068
3373184
3373290
3373421
3373665
3373810
3373836
3373881
3374006
3374021
3374054
3374106
3374474
3374863
3374902
3375195
3375202
3375366
3375436
3375647
3375792
3375815
3375862
3375876
3376276
3376291
3376298
3376329
3376737
3376767
3376882
3376890
3376956
3376960
3377084
3377086
3377098
3377397
3377600
3377706
3377754
3377801
3378002
3378071
3378112
3378126
3378331
3378409
3378416
3378455
3378660
3378677
3378701
3378858
3379056
3379127
3379149
3379266
3379315
3379416
3379723
3379940
3380035
3380092
3380296
3380458
3380482
3380511
3380529
3380538
3380585
3380653
3380710
3380776
3381006
3381084
3381163
3381177
3381480
3381772
3382019
3382163
3382187
3382203
3382289
3382355
3382421
3382561
3382853
3383005
3383033
3383494
3383639
3383671
3383683
3383768
3383781
3384139
3384270
3384366
3384406
3384544
3384738
3384870
3385028
3385232
3385267
3385376
3385510
3385629
3385736
3385737
3385899
3385939
3385987
3386095
3386713
3386888
3387062
3387279
3387359
3387534
3387548
3387556
3387698
3387982
3388099
3388661
3388717
3388816
3388892
3389055
3389114
3389696
3389760
3389766
3389793
3389882
3389883
3389901
3390057
3390108
3390333
3390349
3390350
3390399
3390400
3390491
3390520
3390602
3390864
3390926
3391086
3391095
3391100
3391142
3391155
3391192
3391263
3391298
3391627
3391729
3391806
3392402
3392421
3392423
3392470
3392492
3392526
3392720
3392762
3392799
3392852
3392864
3393039
3393354
3393485
3393521
3393903
3394111
3394174
3394175
3394176
3394178
3394227
3394278
3394327
3394388
3394438
3394502
3394532
3394681
3394763
3394817
3394832
3394864
3394884
3394889
3394894
3394897
3394902
3394969
3394989
3395006
3395009
3395079
3395128
3395163
3395254
3395256
3395259
3395283
3395289
3395423
3395457
3395537
3395628
3395661
3395726
3395805
3395841
3395873
3395913
3395971
3396060
3396097
3396143
3396175
3396269
3396378
3396617
3396781
3396782
3396915
3396986
3397056
3397274
3397339
3397408
3397555
3397672
3397888
3397989
3398012
3398033
3398034
3398108
3398121
3398148
3398167
3398236
3398282
3398422
3398502
3398503
3398508
3398513
3398546
3398818
3398869
3398947
3398965
3399052
3399056
3399063
3399085
3399103
3399160
3399200
3399285
3399355
3399357
3399364
3399405
3399439
3399442
3399443
3399769
3399883
3399905
3399981
3400069
3400338
3400367
3400449
3400588
3400661
3400848
3401069
3401091
3401185
3401419
3401512
3401713
3401969
3402013
3402219
3402262
3402398
3402713
3402786
3402810
3403022
3403097
3403161
3403255
3403411
3403517
3403564
3403598
3403636
3403718
3403719
3403727
3403774
3403818
3403899
3403912
3404098
3404189
3404190
3404223
3404228
3404261
3404277
3404375
3404532
3404818
3405042
3405049
3405300
3405353
3405355
3405356
3405378
3405617
3405631
3405633
3405641
3405645
3405646
3405653
3405654
3405658
3405659
3405685
3405734
3405764
3405848
3405878
3405879
3406178
3406441
3406447
3406482
3406653
3406821
3406878
3406897
3406930
3407285
3407301
3407554
3407636
3407814
3407857
3408058
3408135
3408203
3408211
3408265
3408268
3408276
3408346
3408347
3408458
3408464
3408477
3408500
3408696
3408717
3408809
3408871
3408908
3408938
3409112
3409125
3409211
3409243
3409368
3409386
3409424
3409450
3409465
3409496
3409603
3409733
3409744
3409784
3409790
3409807
3409826
3409858
3409921
3410022
3410134
3410169
3410201
3410243
3410443
3410445
3410448
3410648
3410693
3410722
3410786
3410901
3410906
3410913
3410937
3410947
3411038
3411071
3411159
3411186
3411261
3411359
3411453
3411553
3411565
3411606
3411643
3411675
3411768
3411895
3411993
3412086
3412142
3412207
3412208
3412249
3412264
3412354
3412503
3412765
3413016
3413049
3413076
3413261
3413289
3413301
3413393
3413509
3413569
3413669
3413685
3413719
3413736
3413926
3414158
3414478
3414575
3414681
3414755
3414876
3414888
3414950
3415137
3415192
3415268
3415402
3415412
3415498
3415648
3415905
3415978
3416000
3416002
3416208
3416309
3416358
3416557
3416647
3416662
3416778
3416800
3417045
3417096
3417126
3417152
3417263
3417386
3417589
3417594
3417755
3417912
3418076
3418122
3418248
3418511
3418969
3419000
3419123
3419127
3419253
3419497
3419560
3419728
3420470
3420579
3420663
3420819
3420954
3420961
3420995
3421111
3421165
3421600
3421617
3421698
3421741
3421922
3422093
3422227
3422489
3422494
3422652
3422774
3422796
3423283
3423461
3423476
3423527
3423555
3423573
3423597
3423677
3423937
3423976
3424083
3424090
3424261
3424276
3424318
3424563
3424683
3424691
3424788
3424797
3424815
3424822
3424867
3425054
3425093
3425094
3425448
3425546
3425562
3425672
3425721
3425761
3425881
3425935
3425950
3426279
3426408
3426418
3426448
3426555
3426675
3426677
3426717
3426773
3426839
3426876
3427006
3427118
3427201
3427295
3427534
3427538
3427597
3427717
3427760
3427840
3427943
3428371
3428421
3428585
3428685
3428709
3429068
3429069
3429208
3429230
3429401
3429485
3429570
3429601
3429758
3429905
3429940
3430128
3430142
3430514
3430620
3430708
3430809
3430816
3430916
3431125
3431144
3431166
3431169
3431242
3431652
3431666
3431723
3431746
3431831
3431843
3431956
3432020
3432827
3432954
3433077
3433259
3433261
3433275
3433359
3433853
3433932
3434008
3434214
3434321
3434384
3434401
3434453
3435060
3435124
3435281
3435368
3435393
3435471
3435472
3435485
3435495
3435805
3435892
3436292
3436411
3436610
3436706
3436790
3436817
3437098
3437119
3437210
3437231
3437232
3437242
3437247
3437344
3437413
3437469
3437496
3437531
3437551
3437554
3437599
3437656
3437950
3438074
3438415
3438594
3438658
3438678
3438812
3439108
3439194
3439242
3439246
3439298
3439364
3439604
3439761
3439873
3439895
3440103
3440545
3440551
3441310
3441323
3441530
3441534
3441586
3441868
3442045
3442160
3442207
3442316
3442555
3442564
3442580
3442590
3442803
3442884
3442958
3443347
3443380
3443398
3443734
3443869
3443968
3444013
3444064
3444091
3444197
3444267
3444378
3444576
3444920
3445287
3445459
3445769
3445896
3445958
3446289
3446464
3446703
3447008
3447121
3447333
3447645
3447689
3447868
3447990
3448032
3448084
3448129
3448159
3448552
3448779
3448788
3448973
3449021
3449438
3449450
3449472
3449577
3449639
3449788
3449830
3449882
3449906
3449989
3450135
3450417
3450913
3451055
3451200
3451241
3451574
3451701
3451713
3451778
3451824
3452074
3452151
3452394
3452646
3452653
3452743
3452762
3453113
3453180
3453265
3453504
3453517
3453557
3453685
3453702
3453824
3453925
3453951
3453953
3454140
3454201
3454589
3454590
3454651
3454764
3454847
3454851
3454939
3455204
3455206
3455208
3455339
3455359
3455360
3455676
3455740
3456048
3456491
3456546
3456562
3456591
3456607
3456694
3457031
3457128
3457129
3457522
3457535
3457662
3458108
3458188
3458208
3458420
3458430
3458549
3458706
3458818
3458845
3459201
3459209
3459295
3459302
3459304
3459388
3459668
3459785
3459839
3460109
3460162
3460182
3460323
3460387
3460411
3460488
3460508
3460573
3460651
3460693
3460738
3460759
3460786
3460801
3460865
3461071
3461150
3461425
3461480
3461687
3461717
3461728
3461770
3461958
3461959
3461971
3461975
3462131
3462432
3462487
3462567
3462698
3462789
3462810
3462828
3462839
3463140
3463192
3463193
3463324
3463365
3463607
3463730
3463863
3463948
3463986
3464003
3464120
3464142
3464159
3464259
3464283
3464297
3464364
3464584
3464639
3464656
3464849
3464967
3464973
3465187
3465325
3465329
3465383
3465415
3465492
3465548
3465614
3465670
3466233
3466268
3466309
3466376
3466564
3466688
3466777
3466947
3467040
3467058
3467074
3467167
3467201
3467249
3467363
3467551
3467595
3467660
3467870
3468212
3468608
3469060
3469121
3469429
3469516
3469565
3469657
3469726
3469732
3470006
3470023
3470137
3470138
3470165
3470296
3470347
3470399
3470472
3470512
3470839
3470879
3471094
3471126
3471187
3471247
3471325
3471419
3471464
3471472
3471483
3471486
3471595
3471806
3471939
3472045
3472047
3472048
3472063
3472083
3472085
3472259
3472303
3472308
3472315
3472317
3472357
3472360
3472366
3472368
3472393
3472401
3472443
3472454
3472469
3472572
3472619
3472639
3472676
3472679
3472688
3472724
3473150
3473419
3473551
3473683
3473762
3473766
3473779
3473853
3473966
3473968
3474008
3474063
3474173
3474177
3474633
3474635
3474738
3474745
3474855
3475096
3475102
3475112
3475197
3475256
3475288
3475308
3475363
3475365
3475366
3475394
3475412
3475448
3475495
3475525
3475540
3475541
3475554
3475555
3475686
3476091
3476194
3476473
3476521
3476523
3476704
3477100
3477170
3477201
3477384
3477432
3477433
3477529
3477531
3477532
3477589
3478098
3478179
3478180
3478190
3478223
3478339
3478473
3478573
3478630
3478657
3478665
3478684
3478687
3478725
3478805
3478828
3478868
3478894
3478939
3478946
3478967
3479245
3479361
3479438
3479440
3479624
3479701
3479861
3479887
3479890
3480013
3480018
3480019
3480023
3480025
3480026
3480043
3480221
3480318
3480509
3480518
3480552
3480592
3480618
3480693
3480888
3480889
3480897
3480909
3481173
3481391
3481409
3481688
3481689
3481695
3481750
3481845
3481851
3481966
3482143
3482221
3482271
3482443
3482446
3482447
3482452
3482456
3482501
3482619
3482863
3482864
3482865
3483271
3483663
3483756
3483757
3483923
3484367
3484490
3484524
3484539
3484710
3485073
3485101
3485199
3485262
3485289
3485422
3485599
3486225
3486232
3486360
3486573
3486578
3486637
3486692
3486730
3486732
3486761
3486783
3486811
3486822
3487056
3487072
3487123
3487211
3487312
3487563
3487573
3487575
3487581
3487784
3487995
3488002
3488014
3488016
3488432
3488713
3488714
3488837
3488838
3488839
3488859
3488971
3489130
3489271
3489277
3489335
3489431
3489558
3489694
3489750
3489858
3489892
3489940
3489941
3489948
3489954
3489956
3489962
3489993
3490195
3490196
3490406
3490429
3490511
3490513
3490549
3490553
3490556
3490558
3490591
3490638
3490938
3490974
3490981
3491055
3491170
3491196
3491202
3491299
3491382
3491421
3491467
3491522
3491766
3491920
3491923
3491924
3492030
3492066
3492067
3492093
3492222
3492247
3492418
3492697
3492722
3492829
3492984
3493051
3493067
3493068
3493112
3493172
3493180
3493183
3493187
3493327
3493333
3493354
3493362
3493382
3493456
3493457
3493518
3493539
3493653
3493744
3493960
3493972
3494047
3494052
3494076
3494178
3494204
3494212
3494236
3494252
3494257
3494298
3494303
3494356
3494372
3494376
3494464
3494512
3494534
3494537
3494584
3494769
3494787
3494812
3494881
3494983
3495034
3495104
3495220
3495286
3495309
3495384
3495464
3495560
3495622
3495761
3495943
3495988
3496010
3496040
3496116
3496172
3496173
3496296
3496416
3496468
3496556
3496635
3496721
3496736
3496798
3496799
3496829
3496954
3497003
3497007
3497026
3497110
3497139
3497145
3497270
3497286
3497405
3497439
3497576
3497618
3497619
3497753
3497803
3497822
3497831
3497867
3497909
3498018
3498019
3498024
3498056
3498080
3498133
3498178
3498220
3498224
3498279
3498301
3498349
3498427
3498462
3498502
3498524
3498641
3498668
3498767
3498910
3498934
3499016
3499025
3499049
3499155
3499244
3499270
3499294
3499302
3499347
3499464
3499482
3499551
3499584
3499869
3500013
3500133
3500259
3500262
3500456
3500459
3500479
3500512
3500529
3500620
3500700
3500715
3500751
3500836
3500858
3500864
3500914
3500921
3500932
3500947
3500982
3501191
3501192
3501243
3501307
3501420
3501572
3501596
3501597
3501781
3501814
3501835
3501841
3501858
3502028
3502044
3502076
3502269
3502339
3502340
3502359
3502372
3502373
3502382
3502383
3502386
3502396
3502401
3502410
3502492
3502627
3502639
3502641
3502695
3502698
3502813
3502822
3502852
3502862
3502863
3502873
3502882
3502884
3502885
3502893
3503158
3503183
3503186
3503249
3503406
3503428
3503435
3503472
3503511
3503543
3503545
3503574
3503676
3503696
3503845
3503846
3503898
3503950
3503967
3503985
3503987
3504010
3504033
3504141
3504182
3504222
3504385
3504410
3504411
3504412
3504418
3504419
3504449
3504450
3504451
3504594
3504628
3504724
3504798
3504862
3504934
3504966
3504969
3504974
3504977
3504978
3505002
3505127
3505128
3505129
3505131
3505222
3505223
3505412
3505419
3505445
3505480
3505484
3505490
3505506
3505590
3505594
3505635
3505805
3505806
3505828
3505851
3505887
3505888
3505889
3505890
3505894
3505896
3505898
3505917
3505933
3506019
3506044
3506063
3506087
3506093
3506103
3506239
3506348
3506370
3506391
3506434
3506438
3506454
3506457
3506595
3506596
3506606
3506736
3506738
3506739
3506741
3506745
3506746
3506824
3506868
3506902
3506938
3506939
3506941
3507239
3507373
3507379
3507385
3507395
3507414
3507418
3508026
3508070
3508290
3508291
3508292
3508328
3508346
3508352
3508358
3508453
3508505
3508506
3508507
3508512
3508621
3508623
3508625
3508626
3508728
3508755
3508827
3508828
3508916
3508920
3508940
3509101
3509102
3509117
3509212
3509214
3509215
3509275
3509315
3509357
3509358
3509359
3509374
3509524
3509573
3509574
3509604
3509652
3509658
3509664
3509676
3509680
3509683
3509706
3509716
3509721
3509723
3509769
3509780
3509795
3509822
3509850
3509949
3509950
3510024
3510113
3510201
3510326
3510327
3510328
3510332
3510376
3510403
3510428
3510430
3510431
3510433
3510434
3510435
3510453
3510454
3510455
3510457
3510489
3510490
3510516
3510546
3510595
3510613
3510986
3511009
3511010
3511123
3511132
3511190
3511193
3511197
3511392
3511513
3511531
3511606
3511694
3511699
3511733
3511742
3511876
3512070
3512081
3512216
3512324
3512327
3512360
3512372
3512416
3512436
3512439
3512479
3512483
3512484
3512489
3512644
3512830
3512842
3512876
3512979
3513049
3513081
3513115
3513172
3513175
3513176
3513234
3513246
3513290
3513310
3513312
3513324
3513382
3513383
3513421
3513422
3513446
3513599
3513605
3513638
3513665
3513714
3513813
3513817
3513821
3513830
3513834
3513836
3513848
3513889
3513897
3513946
3514046
3514052
3514356
3514377
3514394
3514396
3514397
3514420
3514423
3514428
3514550
3514692
3514729
3514734
3514735
3514736
3514751
3514756
3514761
3514798
3514826
3514828
3514830
3514831
3514832
3514973
3514974
3514994
3514999
3515005
3515009
3515031
3515033
3515040
3515044
3515045
3515048
3515246
3515252
3515270
3515280
3515513
3515528
3515536
3515618
3515697
3515698
3515707
3515711
3515712
3515798
3515805
3515855
3515886
3515996
3516053
3516055
3516072
3516075
3516110
3516120
3516167
3516277
3516284
3516364
3516391
3516454
3516456
3516493
3516627
3516632
3516637
3516790
3516806
3516869
3516902
3517025
3517135
3517193
3517226
3517254
3517324
3517331
3517369
3517374
3517375
3517434
3517504
3517571
3517600
3517622
3517660
3517870
3517871
3517987
3518054
3518056
3518060
3518151
3518164
3518226
3518348
3518381
3518387
3518401
3518418
3518467
3518492
3518505
3518515
3518566
3518573
3518600
3518650
3518669
3518743
3518859
3519142
3519226
3519228
3519254
3519358
3519361
3519409
3519725
3519726
3519728
3519816
3519851
3519884
3519959
3520114
3520128
3520135
3520139
3520143
3520162
3520163
3520164
3520171
3520196
3520198
3520423
3520426
3520487
3520489
3520507
3520518
3520622
3520675
3520690
3520696
3520700
3520718
3520870
3520872
3520957
3520959
3521037
3521067
3521086
3521151
3521185
3521288
3521377
3521385
3521414
3521439
3521440
3521458
3521500
3521539
3521575
3521588
3521591
3521596
3521600
3521601
3521642
3521757
3521784
3521787
3521788
3521792
3521795
3521806
3521807
3521817
3521837
3521844
3521850
3521853
3521907
3522052
3522065
3522088
3522163
3522435
3522464
3522467
3522544
3522594
3522729
3522874
3522881
3522882
3522887
3522889
3523015
3523144
3523365
3523423
3523427
3523511
3523539
3523665
3523742
3523845
3523849
3524038
3524071
3524074
3524090
3524165
3524168
3524169
3524170
3524173
3524203
3524244
3524689
3524692
3524695
3524701
3524752
3525023
3525026
3525047
3525064
3525185
3525662
3525680
3525801
3525811
3525909
3526131
3526242
3526517
3526783
3526900
3526906
3526907
3526930
3527278
3527357
3527765
3527916
3527925
3527934
3527939
3527943
3527944
3527959
3527967
3528004
3528009
3528045
3528162
3528171
3528172
3528173
3528178
3528183
3528194
3528201
3528287
3528358
3528399
3528515
3528761
3528866
3528898
3528910
3529610
3529612
3529731
3530087
3530219
3530517
3530535
3530538
3530539
3530545
3530548
3530595
3530950
3530994
3531002
3531102
3531229
3531245
3531253
3531389
3531715
3531776
3531793
3531822
3531923
3532034
3532039
3532061
3532074
3532204
3532209
3532288
3532327
3532346
3532361
3532389
3532400
3532414
3532433
3532440
3532441
3532443
3532444
3532448
3532476
3532830
3532833
3532958
3532963
3532964
3532972
3532977
3532993
3533181
3533267
3533286
3533503
3533630
3533661
3533665
3533669
3533706
3533721
3534113
3534160
3534253
3534254
3534265
3534603
3534645
3534646
3534959
3535061
3535115
3535121
3535124
3535198
3535325
3535330
3535333
3535335
3535433
3535455
3535529
3535550
3535551
3535575
3535584
3535756
3535773
3535802
3535837
3535848
3536028
3536054
3536056
3536064
3536078
3536182
3536316
3536381
3536398
3536417
3536776
3536798
3536869
3536925
3537004
3537171
3537197
3537200
3537223
3537330
3537456
3537482
3537495
3537705
3537805
3537962
3538116
3538246
3538249
3538252
3538253
3538254
3538258
3538261
3538265
3538578
3538594
3538595
3538600
3538676
3538835
3538836
3538839
3538841
3538843
3538851
3538863
3538868
3538872
3538886
3538890
3538894
3538907
3538931
3539042
3539050
3539251
3539292
3539464
3539583
3539609
3539633
3539697
3539859
3539891
3540190
3540195
3540322
3540359
3540496
3540709
3540721
3540724
3540727
3540748
3540749
3540750
3540752
3540754
3540820
3540854
3541063
3541272
3541328
3541329
3541389
3541422
3541428
3541445
3541453
3541607
3541624
3541723
3541855
3541860
3541929
3541966
3541967
3541968
3542021
3542026
3542063
3542077
3542081
3542343
3542459
3542470
3542477
3542677
3542688
3542794
3542835
3543177
3543320
3543345
3543370
3543553
3543554
3543557
3543593
3543652
3543771
3544018
3544061
3544078
3544083
3544089
3544271
3544299
3544317
3544328
3544329
3544499
3544507
3544509
3544553
3544614
3544724
3544822
3544887
3545138
3545140
3545142
3545146
3545203
3545373
3545381
3545390
3545494
3545495
3545501
3545507
3545509
3545511
3545513
3545514
3545516
3545547
3545568
3545677
3545688
3545699
3545700
3545985
3546302
3546332
3546334
3546378
3546448
3546747
3546804
3546816
3546877
3546922
3546928
3546944
3546953
3547058
3547060
3547155
3547158
3547227
3547232
3547360
3547429
3547451
3547457
3547474
3547583
3547636
3547657
3547819
3547875
3548006
3548120
3548179
3548227
3548343
3548485
3548512
3548597
3548653
3548745
3548751
3548777
3548808
3548856
3548873
3548881
3548946
3548979
3548986
3549118
3549188
3549258
3549259
3549329
3549394
3549399
3549438
3549477
3549496
3549663
3549878
3549888
3549910
3550047
3550231
3550232
3550435
3550451
3550607
3550618
3550632
3550672
3550726
3550739
3550798
3550861
3550931
3550960
3550991
3551045
3551078
3551187
3551232
3551263
3551301
3551352
3551395
3551451
3551521
3551591
3551641
3551653
3551769
3551805
3551868
3551892
3551913
3551914
3552044
3552257
3552399
3552502
3552561
3552569
3552814
3552819
3552837
3552928
3553146
3553268
3553279
3553757
3553772
3553778
3553802
3553815
3553847
3553850
3553856
3553915
3553935
3553976
3554138
3554174
3554379
3554410
3554468
3554622
3554626
3554741
3554832
3554888
3554893
3554894
3554895
3554897
3554900
3554911
3554929
3555004
3555062
3555096
3555288
3555387
3555517
3555545
3555613
3555756
3555802
3555834
3555841
3555868
3555910
3556213
3556232
3556268
3556690
3556782
3556784
3556811
3556980
3557406
3557408
3557465
3557579
3557602
3557623
3557683
3557801
3557852
3557878
3558120
3558262
3558484
3558505
3558509
3558571
3558633
3558672
3558744
3558773
3558789
3558844
3558855
3558884
3558937
3559023
3559226
3559286
3559327
3559485
3559531
3559534
3559541
3559544
3559574
3559658
3559792
3559915
3559979
3559980
3560026
3560127
3560179
3560250
3560268
3560306
3560326
3560361
3560374
3560401
3560409
3560455
3560692
3560790
3561096
3561257
3561284
3561296
3561326
3561340
3561347
3561356
3561363
3561382
3561385
3561443
3561494
3561518
3561539
3561589
3561598
3561716
3561735
3561793
3561814
3561833
3561981
3562026
3562028
3562047
3562193
3562219
3562221
3562242
3562247
3562340
3562341
3562399
3562480
3562533
3562566
3562758
3562772
3562889
3562901
3562924
3563072
3563075
3563174
3563233
3563242
3563268
3563339
3563493
3563507
3563509
3563565
3563587
3563637
3563834
3563915
3563947
3564083
3564366
3564388
3564390
3564512
3564741
3564752
3564787
3564831
3564992
3565038
3565142
3565160
3565301
3565303
3565430
3565489
3565811
3565827
3565896
3566136
3566207
3566222
3566337
3566425
3566440
3566443
3566479
3566530
3566570
3566682
3566772
3566798
3566821
3566880
3566917
3566936
3566948
3566983
3567048
3567114
3567171
3567206
3567313
3567315
3567353
3567409
3567438
3567448
3567531
3567532
3567569
3567738
3567932
3567990
3568199
3568222
3568232
3568264
3568290
3568343
3568456
3568474
3568519
3568691
3568727
3568801
3568816
3568817
3568834
3568881
3568903
3568938
3568939
3568957
3569073
3569249
3569438
3569597
3569741
3569742
3569802
3570094
3570163
3570198
3570218
3570219
3570338
3570460
3570680
3570691
3570717
3570719
3570788
3570794
3570819
3570858
3570860
3570998
3571066
3571091
3571175
3571207
3571233
3571273
3571276
3571356
3571469
3571493
3571500
3571556
3571575
3571609
3571798
3571956
3571959
3572013
3572015
3572056
3572063
3572176
3572255
3572310
3572338
3572739
3572900
3572914
3572971
3573120
3573145
3573146
3573351
3573415
3573450
3573462
3573512
3573541
3573544
3573624
3573644
3573689
3573737
3573773
3573776
3573779
3573798
3573819
3573823
3573913
3574109
3574175
3574223
3574297
3574378
3574429
3574453
3574466
3574495
3574593
3574739
3574852
3574857
3574860
3574874
3574879
3575029
3575054
3575262
3575281
3575364
3575441
3575542
3575600
3575690
3575820
3575866
3575973
3576011
3576023
3576100
3576170
3576254
3576261
3576345
3576391
3576402
3576404
3576410
3576458
3576483
3576501
3576520
3576531
3576673
3576799
3576813
3576819
3576822
3576844
3576845
3576856
3576942
3576945
3577021
3577364
3577421
3577517
3577518
3577532
3577547
3577668
3577669
3577695
3577696
3577701
3577709
3577711
3577716
3577730
3577858
3577875
3577966
3577979
3578150
3578176
3578188
3578193
3578240
3578253
3578393
3578402
3578403
3578569
3578573
3578592
3578593
3578597
3578642
3578643
3578644
3578702
3578706
3578744
3578781
3578836
3578886
3578893
3578902
3579032
3579123
3579133
3579231
3579312
3579328
3579381
3579410
3579481
3579518
3579519
3579539
3579540
3579542
3579543
3579547
3579555
3579559
3579575
3579577
3579580
3579594
3579635
3579638
3579666
3579674
3579700
3579701
3579827
3579829
3579830
3579870
3579926
3579961
3579966
3579971
3579979
3579988
3579991
3580004
3580118
3580120
3580150
3580163
3580211
3580221
3580232
3580246
3580247
3580264
3580299
3580354
3580506
3580549
3580646
3580654
3580659
3580771
3580928
3580947
3581080
3581081
3581138
3581149
3581335
3581385
3581519
3581524
3581623
3581650
3581698
3581829
3581862
3581893
3582045
3582118
3582161
3582223
3582224
3582247
3582324
3582352
3582412
3582612
3582615
3582685
3582745
3582815
3582819
3582840
3582861
3582870
3582884
3582892
3582964
3583019
3583031
3583091
3583093
3583185
3583227
3583240
3583258
3583278
3583282
3583287
3583288
3583308
3583358
3583452
3583502
3583511
3583561
3583670
3583715
3583868
3583905
3583906
3583953
3583984
3583987
3584043
3584123
3584150
3584298
3584393
3584464
3584541
3584552
3584586
3584628
3584675
3584679
3584746
3584748
3584779
3584849
3584857
3584877
3584891
3584946
3584956
3584990
3585062
3585064
3585065
3585074
3585105
3585186
3585266
3585299
3585346
3585381
3585407
3585422
3585458
3585479
3585514
3585667
3585724
3585793
3585822
3585846
3586058
3586077
3586168
3586275
3586345
3586361
3586446
3586495
3586510
3586540
3586584
3586597
3586612
3586681
3586780
3587044
3587072
3587081
3587190
3587293
3587328
3587482
3587609
3588030
3588090
3588092
3588300
3588422
3588486
3588487
3588505
3588545
3588550
3588704
3588833
3588925
3589132
3589142
3589169
3589373
3589419
3589682
3590129
3590159
3590183
3590358
3590369
3590469
3590677
3590730
3590894
3590928
3591037
3591105
3591189
3591197
3591284
3591552
3591630
3591676
3591707
3591777
3591906
3592012
3592021
3592027
3592065
3592508
3592585
3592624
3592628
3592673
3592789
3592979
3593056
3593057
3593067
3593161
3593176
3593191
3593386
3593395
3593459
3593478
3593487
3593505
3593516
3593517
3593644
3593813
3593825
3593853
3593970
3594100
3594170
3594241
3594327
3594371
3594440
3594522
3594637
3594670
3594749
3594822
3594823
3594831
3594871
3594904
3594910
3595081
3595091
3595118
3595187
3595265
3595423
3595448
3595516
3595519
3595581
3595615
3595643
3595679
3595703
3595772
3595802
3595926
3596019
3596225
3596260
3596324
3596355
3596368
3596408
3596455
3596533
3596570
3596631
3596704
3596725
3596827
3596880
3597084
3597100
3597132
3597210
3597215
3597606
3597626
3597734
3597745
3597764
3597830
3597921
3597957
3598019
3598109
3598231
3598282
3598287
3598376
3598401
3598411
3598475
3598479
3598524
3598571
3598609
3598611
3598719
3598762
3598784
3598785
3598921
3599143
3599262
3599315
3599372
3599446
3599600
3599601
3599623
3599653
3599773
3599917
3600047
3600051
3600082
3600114
3600128
3600272
3600371
3600566
3600572
3600691
3600728
3600783
3600877
3600889
3600890
3600950
3600973
3601145
3601179
3601225
3601239
3601243
3601334
3601475
3601538
3601642
3601644
3601712
3601750
3601822
3601913
3602070
3602174
3602310
3602311
3602342
3602515
3602589
3603013
3603014
3603113
3603200
3603219
3603299
3603311
3603487
3603570
3603639
3603687
3603708
3603784
3603813
3603916
3603921
3603954
3603955
3603960
3603974
3604017
3604037
3604239
3604300
3604416
3604668
3604698
3604990
3604992
3605011
3605037
3605073
3605130
3605293
3605329
3605449
3605463
3605515
3605556
3605558
3605786
3605813
3605821
3605847
3605942
3606221
3606225
3606401
3606528
3606571
3606619
3606730
3606858
3606964
3607029
3607150
3607183
3607184
3607291
3607310
3607315
3607551
3607602
3607642
3607665
3607713
3607719
3607768
3607772
3608159
3608187
3608242
3608266
3608559
3608698
3608701
3608731
3608803
3608846
3608892
3608928
3608934
3608937
3608946
3609021
3609037
3609045
3609093
3609372
3609402
3609419
3609430
3609434
3609642
3609733
3609793
3610003
3610022
3610038
3610089
3610101
3610150
3610173
3610186
3610197
3610211
3610418
3610432
3610464
3610474
3610574
3610607
3610731
3610777
3610979
3611001
3611033
3611323
3611609
3611616
3611633
3611675
3611692
3611770
3611778
3611779
3611883
3611925
3611953
3611963
3612046
3612103
3612130
3612155
3612236
3612347
3612875
3612913
3612948
3613000
3613032
3613042
3613098
3613450
3613498
3613648
3613653
3613684
3613690
3613710
3613721
3613806
3613837
3613986
3614032
3614186
3614200
3614203
3614230
3614367
3614429
3614436
3614513
3614516
3614525
3614540
3614642
3614705
3614772
3614797
3614892
3614897
3614936
3615029
3615109
3615168
3615193
3615205
3615211
3615424
3615428
3615460
3615461
3615481
3615552
3615609
3615695
3615726
3615875
3615883
3615997
3616082
3616102
3616123
3616207
3616218
3616362
3616370
3616725
3616748
3616751
3616779
3616914
3616922
3616928
3616971
3617087
3617088
3617281
3617369
3617402
3617450
3617495
3617560
3617573
3617611
3617630
3617649
3617667
3617741
3617845
3617910
3617920
3617961
3617988
3618003
3618004
3618005
3618006
3618007
3618008
3618009
3618081
3618132
3618229
3618264
3618349
3618638
3618682
3618799
3618849
3618862
3618942
3618952
3618957
3618965
3619011
3619014
3619016
3619057
3619076
3619096
3619178
3619262
3619271
3619282
3619374
3619589
3619590
3619670
3619778
3619795
3619803
3619861
3619930
3619934
3619935
3619987
3620080
3620082
3620092
3620093
3620161
3620277
3620283
3620293
3620306
3620389
3620409
3620446
3620589
3620646
3620812
3620840
3621006
3621163
3621205
3621249
3621250
3621353
3621421
3621422
3621424
3621498
3621555
3621760
3621771
3621775
3621873
3621884
3621976
3622079
3622107
3622168
3622169
3622208
3622385
3622403
3622410
3622412
3622539
3622596
3622599
3622741
3622833
3622847
3622897
3622910
3622913
3622954
3622955
3622957
3622959
3622973
3623064
3623196
3623245
3623256
3623261
3623294
3623295
3623297
3623298
3623299
3623300
3623318
3623327
3623417
3623418
3623427
3623432
3623556
3623599
3623654
3623771
3623773
3623780
3623812
3623841
3623848
3623912
3623940
3623942
3623943
3624003
3624006
3624007
3624008
3624010
3624030
3624031
3624144
3624161
3624179
3624186
3624354
3624553
3624595
3624828
3625115
3625178
3625186
3625187
3625344
3625403
3625406
3625409
3625423
3625524
3625527
3625630
3625690
3625699
3625760
3625864
3625884
3625900
3625917
3626082
3626089
3626164
3626165
3626197
3626404
3626408
3626454
3626458
3626539
3626540
3626592
3626609
3626659
3626664
3626731
3626811
3626869
3626935
3626941
3626946
3626947
3627051
3627097
3627102
3627103
3627251
3627362
3627370
3627384
3627408
3627461
3627466
3627478
3627496
3627599
3627602
3627622
3627759
3627769
3627807
3627826
3627848
3627849
3627867
3627956
3627980
3627986
3628061
3628178
3628233
3628262
3628268
3628319
3628359
3628564
3628649
3628701
3628759
3628856
3628857
3628865
3628920
3628921
3629045
3629049
3629139
3629208
3629216
3629224
3629312
3629350
3629396
3629397
3629406
3629461
3629501
3629647
3629658
3629810
3629862
3629999
3630051
3630052
3630113
3630224
3630313
3630327
3630364
3630371
3630438
3630555
3630612
3630643
3630667
3630745
3630781
3630914
3631053
3631261
3631289
3631396
3631417
3631437
3631472
3631527
3631544
3631557
3631567
3631587
3631709
3631731
3632882
3632883
3632936
3632966
3632977
3633000
3633002
3633014
3633042
3633067
3633093
3633130
3633144
3633146
3633207
3633328
3633342
3633381
3633460
3633500
3633568
3633624
3633625
3633878
3633942
3633987
3634168
3634239
3634329
3634353
3634379
3634389
3634434
3634541
3634698
3634712
3634742
3634932
3634942
3634948
3634950
3634965
3634969
3635013
3635081
3635195
3635267
3635320
3635464
3635507
3635510
3635536
3635555
3635679
3635717
3635722
3635744
3635873
3635975
3636086
3636220
3636320
3636420
3636469
3636478
3636597
3636606
3636686
3636692
3636693
3636744
3636758
3636881
3636892
3637094
3637099
3637111
3637116
3637166
3637205
3637220
3637264
3637295
3637384
3637481
3637498
3637516
3637533
3637688
3637776
3637795
3637905
3637960
3637990
3638008
3638140
3638211
3638293
3638296
3638373
3638416
3638540
3638548
3638563
3638599
3638629
3638769
3638880
3638882
3638883
3639032
3639131
3639188
3639229
3639271
3639386
3639537
3639588
3639631
3639634
3639647
3639725
3639728
3639745
3639759
3639815
3639820
3640117
3640122
3640183
3640250
3640283
3640296
3640326
3640369
3640378
3640468
3640548
3640599
3640606
3640661
3640683
3640689
3640963
3641136
3641147
3641260
3641279
3641298
3641408
3641609
3641766
3641865
3641968
3641983
3642024
3642149
3642238
3642260
3642268
3642482
3642602
3642795
3642813
3642818
3642996
3643016
3643089
3643232
3643372
3643398
3643477
3643564
3643567
3643667
3643706
3643767
3643935
3643943
3644034
3644080
3644105
3644134
3644286
3644311
3644317
3644352
3644382
3644479
3644484
3644512
3644549
3644578
3644585
3644798
3644830
3645010
3645024
3645086
3645388
3645434
3645508
3645510
3645643
3645760
3645776
3645944
3646184
3646185
3646247
3646273
3646296
3646299
3646300
3646330
3646351
3646440
3646551
3646552
3646553
3646919
3646924
3647100
3647110
3647113
3647243
3647331
3647420
3647521
3647731
3647847
3647931
3647938
3647973
3647986
3648124
3648134
3648372
3648386
3648389
3648648
3648707
3648970
3649053
3649071
3649218
3649251
3649318
3649343
3649409
3649696
3649822
3649947
3649992
3650015
3650414
3650583
3650607
3650680
3650681
3650708
3650795
3650914
3651050
3651056
3651127
3651160
3651170
3651473
3651558
3651971
3652056
3652273
3652321
3652789
3652799
3652803
3652838
3652850
3652902
3652950
3652973
3653262
3653307
3653325
3653530
3653573
3653663
3653706
3653724
3653726
3653937
3654184
3654246
3654374
3654432
3654450
3654486
3654491
3654519
3654544
3654681
3654782
3654796
3654884
3654894
3654902
3654910
3655006
3655014
3655134
3655216
3655265
3655477
3655689
3655690
3655863
3655991
3656131
3656145
3656155
3656411
3656482
3656584
3656604
3656727
3656728
3656935
3656955
3656960
3656975
3657027
3657052
3657088
3657097
3657125
3657129
3657157
3657233
3657288
3657370
3657412
3657473
3657578
3657665
3657667
3657669
3657795
3657806
3658013
3658301
3658370
3658461
3658483
3658488
3658802
3658806
3658825
3659017
3659095
3659137
3659194
3659287
3659552
3659627
3660024
3660165
3660249
3660435
3660536
3660969
3660994
3661029
3661099
3661311
3661498
3661648
3661657
3661967
3662011
3662090
3662106
3662405
3662552
3662931
3662966
3662983
3663053
3663062
3663464
3663609
3663757
3663852
3664125
3664191
3664267
3664323
3664333
3664427
3664475
3664490
3664680
3664711
3664829
3664841
3664879
3664996
3665019
3665028
3665039
3665073
3665199
3665299
3665358
3665446
3665529
3665635
3665658
3665668
3665788
3665789
3665916
3665935
3666128
3666147
3666167
3666208
3666316
3666322
3666372
3666457
3666799
3666986
3667016
3667093
3667133
3667162
3667254
3667272
3667342
3667348
3667376
3667458
3667529
3667549
3667573
3667647
3667653
3667663
3668083
3668189
3668225
3668287
3668299
3668354
3668389
3668393
3668441
3668467
3668556
3668557
3668743
3668849
3668870
3668900
3668906
3669024
3669125
3669149
3669154
3669155
3669176
3669304
3669397
3669428
3669525
3669581
3669590
3669639
3669645
3669742
3670066
3670164
3670191
3670312
3670347
3670453
3670500
3670502
3670784
3670844
3670875
3670925
3670954
3670996
3671289
3671320
3671528
3671771
3671891
3672019
3672098
3672183
3672206
3672318
3672330
3672432
3672480
3672523
3672638
3672905
3673003
3673151
3673341
3673456
3673506
3673758
3673972
3674494
3674517
3674563
3674587
3674602
3674659
3674743
3674891
3674979
3675085
3675149
3675160
3675338
3675445
3675456
3675528
3675560
3675611
3675668
3675686
3676048
3676368
3676453
3676498
3676604
3676618
3676760
3676792
3676805
3676819
3676993
3677005
3677293
3677312
3677364
3677498
3677532
3677713
3677776
3677911
3678120
3678121
3678197
3678207
3678311
3678373
3678459
3678584
3678687
3678795
3678807
3678810
3678896
3678953
3678979
3679002
3679038
3679046
3679187
3679257
3679262
3679285
3679531
3679572
3679646
3679727
3679875
3679888
3680115
3680156
3680207
3680321
3680329
3680464
3680611
3680690
3680701
3680722
3680797
3680805
3680813
3680855
3680967
3680974
3681028
3681037
3681041
3681138
3681213
3681274
3681362
3681367
3681482
3681505
3681550
3681641
3681650
3681659
3681706
3682137
3682335
3682410
3682515
3682799
3682866
3682876
3682974
3683006
3683058
3683096
3683246
3683313
3683397
3683418
3683441
3683531
3683563
3683711
3683938
3684032
3684123
3684141
3684163
3684236
3684302
3684325
3684332
3684379
3684392
3684436
3684453
3684664
3684683
3684760
3684765
3684784
3684900
3685314
3685401
3685424
3685538
3685543
3685599
3685650
3685655
3685730
3685884
3685908
3685950
3686032
3686077
3686089
3686160
3686221
3686259
3686311
3686341
3686348
3686360
3686361
3686369
3686415
3686464
3686474
3686625
3686674
3686770
3686868
3686881
3686915
3686959
3687005
3687156
3687202
3687315
3687393
3687397
3687418
3687502
3687507
3687542
3687543
3687598
3687753
3687796
3687835
3687868
3688053
3688070
3688184
3688202
3688243
3688278
3688313
3688347
3688514
3688565
3688610
3688670
3688865
3688892
3688951
3688959
3689005
3689012
3689083
3689085
3689089
3689156
3689182
3689188
3689345
3689425
3689627
3689652
3689723
3689775
3689964
3689965
3689974
3690042
3690168
3690188
3690255
3690272
3690285
3690335
3690412
3690451
3690461
3690463
3690585
3690682
3690698
3690719
3690981
3691009
3691033
3691056
3691151
3691210
3691296
3691346
3691354
3691355
3691420
3691474
3691629
3691686
3691731
3691750
3691751
3691824
3691836
3691845
3691907
3691908
3691978
3692122
3692201
3692274
3692407
3692489
3692498
3692605
3692688
3692692
3692788
3692804
3692832
3692857
3692910
3692914
3693195
3693296
3693354
3693421
3693491
3693636
3693677
3693748
3694104
3694173
3694209
3694227
3694258
3694272
3694296
3694547
3694748
3694786
3694886
3694916
3695027
3695201
3695259
3695306
3695364
3695400
3695435
3695450
3695524
3695553
3695665
3695736
3695747
3695830
3695836
3695986
3696025
3696399
3696503
3696668
3696713
3696823
3696956
3697148
3697236
3697291
3697292
3697480
3697614
3697625
3697652
3697680
3697699
3697718
3697738
3697758
3697838
3697841
3697991
3698121
3698224
3698249
3698277
3698489
3698536
3698550
3698564
3698958
3699052
3699072
3699084
3699181
3699294
3699347
3699357
3699366
3699510
3699554
3699588
3699713
3699752
3699853
3699942
3699971
3700006
3700158
3700165
3700270
3700315
3700342
3700459
3700462
3700691
3700693
3700697
3700890
3700936
3700998
3701076
3701097
3701113
3701164
3701165
3701470
3701546
3701713
3701784
3702068
3702106
3702173
3702198
3702224
3702251
3702321
3702437
3702443
3702459
3702468
3702483
3702580
3702581
3702668
3702756
3702936
3702943
3702984
3703081
3703109
3703129
3703147
3703149
3703351
3703404
3703431
3703434
3703440
3703448
3703692
3703721
3703760
3703892
3703914
3703965
3704003
3704004
3704061
3704237
3704314
3704351
3704476
3704544
3704773
3704778
3704843
3704943
3704952
3705068
3705129
3705361
3705391
3705619
3705850
3705853
3705928
3705955
3705965
3706110
3706308
3706337
3706419
3706675
3706691
3706708
3706883
3706884
3706948
3707059
3707096
3707148
3707171
3707176
3707205
3707206
3707216
3707419
3707556
3707723
3707811
3707843
3707957
3707988
3708041
3708092
3708128
3708194
3708218
3708352
3708499
3708511
3708538
3708608
3708789
3708805
3708858
3708859
3708924
3708955
3708971
3709066
3709118
3709132
3709139
3709212
3709219
3709323
3709405
3709433
3709473
3709474
3709561
3709664
3709680
3709778
3709811
3709820
3709908
3709946
3710180
3710187
3710209
3710381
3710415
3710487
3710534
3710551
3710556
3710559
3710594
3710629
3710657
3710673
3710706
3710822
3710832
3710927
3711009
3711046
3711061
3711139
3711150
3711230
3711302
3711317
3711332
3711357
3711371
3711459
3711630
3711631
3711750
3711850
3711899
3711909
3712019
3712101
3712120
3712165
3712168
3712274
3712333
3712398
3712407
3712464
3712490
3712539
3712729
3712748
3712772
3712987
3713014
3713023
3713029
3713076
3713103
3713324
3713326
3713449
3713491
3713520
3713880
3713881
3713899
3713968
3714065
3714085
3714194
3714271
3714358
3714430
3714680
3714710
3714930
3714949
3715065
3715112
3715118
3715124
3715228
3715242
3715245
3715274
3715320
3715681
3715689
3715719
3715771
3715786
3715792
3715793
3715858
3716110
3716124
3716241
3716264
3716285
3716332
3716396
3716411
3716589
3716639
3716665
3716689
3716749
3716802
3716979
3717074
3717179
3717207
3717240
3717280
3717291
3717360
3717443
3717593
3717596
3717632
3717692
3717718
3717872
3717943
3717988
3718245
3718255
3718259
3718290
3718315
3718412
3718507
3718509
3718546
3718635
3718650
3718693
3718740
3718798
3718848
3718904
3718961
3719070
3719194
3719324
3719586
3719590
3719616
3719628
3719720
3719834
3719929
3720024
3720037
3720197
3720214
3720226
3720254
3720358
3720470
3720497
3720611
3720714
3720790
3720947
3720976
3721100
3721217
3721332
3721362
3721379
3721547
3721573
3721709
3721733
3721878
3721889
3721893
3722043
3722089
3722263
3722329
3722364
3722405
3722432
3722462
3722478
3722516
3722605
3722613
3722628
3722652
3722667
3722733
3722777
3722870
3722874
3722969
3723088
3723100
3723197
3723231
3723282
3723369
3723405
3723456
3723483
3723507
3723582
3723595
3723678
3723774
3724165
3724210
3724371
3724406
3724438
3724459
3724484
3724488
3724489
3724540
3724933
3724956
3725110
3725170
3725196
3725563
3725645
3725646
3725670
3725702
3725718
3725815
3725859
3725877
3726036
3726075
3726315
3726399
3726456
3726533
3726647
3726657
3726773
3726791
3726836
3726892
3727048
3727088
3727205
3727320
3727324
3727355
3727417
3727480
3727780
3727808
3727965
3728012
3728018
3728090
3728128
3728153
3728492
3728569
3728636
3728660
3728727
3728859
3728916
3728966
3728967
3728980
3728994
3729025
3729037
3729052
3729055
3729059
3729108
3729178
3729212
3729300
3729311
3729355
3729407
3729431
3729455
3729464
3729550
3729557
3729606
3729785
3729862
3729908
3729921
3729961
3730017
3730117
3730236
3730436
3730510
3730760
3730797
3730812
3730974
3730977
3731207
3731228
3731248
3731411
3731570
3731577
3731583
3731669
3731673
3731692
3731924
3732021
3732026
3732049
3732093
3732140
3732172
3732208
3732373
3732401
3732429
3732430
3732442
3732841
3732944
3732973
3732983
3733047
3733162
3733218
3733231
3733328
3733381
3733403
3733577
3733612
3733695
3733703
3733944
3734170
3734177
3734191
3734197
3734248
3734257
3734270
3734405
3734433
3734445
3734647
3734710
3734776
3734935
3734981
3735088
3735134
3735191
3735246
3735333
3735365
3735425
3735429
3735430
3735469
3735500
3735507
3735518
3735573
3735644
3735685
3735954
3735961
3735998
3736014
3736060
3736286
3736352
3736486
3736562
3736580
3736605
3736672
3736703
3736706
3736728
3736746
3736770
3736916
3736959
3737317
3737431
3737449
3737502
3737526
3737559
3737650
3737671
3737684
3737695
3737763
3737777
3737778
3737799
3737854
3737868
3737890
3737986
3738174
3738180
3738253
3738313
3738334
3738383
3738610
3738659
3738868
3738921
3738930
3739430
3739447
3739453
3739497
3739728
3739835
3739869
3739891
3739894
3739943
3740030
3740088
3740201
3740228
3740234
3740281
3740314
3740350
3740351
3740406
3740407
3740508
3740509
3740521
3740637
3740718
3740720
3740906
3741012
3741015
3741083
3741120
3741149
3741171
3741211
3741220
3741336
3741385
3741438
3741521
3741697
3741707
3741893
3741897
3741960
3742140
3742308
3742360
3742398
3742440
3742775
3742961
3743063
3743072
3743073
3743109
3743134
3743249
3743262
3743397
3743533
3743534
3743553
3743574
3743624
3743678
3743792
3743809
3743886
3743913
3744080
3744106
3744200
3744215
3744233
3744272
3744631
3744863
3744909
3744973
3744996
3744998
3745024
3745054
3745197
3745244
3745279
3745324
3745346
3745403
3745407
3745419
3745453
3745646
3745653
3745712
3745765
3745804
3745838
3745874
3745887
3745921
3745935
3745956
3746088
3746147
3746187
3746189
3746194
3746233
3746290
3746341
3746401
3746403
3746486
3746501
3746594
3746647
3746672
3746686
3746708
3746823
3746848
3746951
3746962
3747018
3747063
3747080
3747081
3747131
3747157
3747247
3747283
3747286
3747295
3747312
3747373
3747399
3747537
3747831
3747876
3747882
3747883
3747885
3747890
3747918
3747924
3747929
3747936
3747953
3747998
3748095
3748112
3748153
3748195
3748243
3748288
3748301
3748320
3748432
3748449
3748497
3748558
3748562
3748568
3748569
3748593
3748598
3748604
3748621
3748635
3748666
3748726
3748809
3748854
3748855
3748888
3749016
3749019
3749128
3749188
3749199
3749206
3749272
3749318
3749389
3749410
3749451
3749499
3749551
3749651
3749765
3749890
3749893
3749971
3749984
3749991
3750061
3750333
3750366
3750367
3750369
3750370
3750372
3750450
3750460
3750466
3750613
3750621
3750684
3750693
3750701
3750702
3750706
3750707
3750709
3750710
3750713
3750714
3750715
3750828
3750953
3750978
3751035
3751107
3751117
3751164
3751221
3751278
3751282
3751283
3751284
3751301
3751312
3751336
3751609
3751743
3751745
3751756
3751819
3751886
3751904
3751905
3751910
3752001
3752040
3752048
3752105
3752106
3752121
3752123
3752178
3752207
3752250
3752291
3752402
3752422
3752432
3752437
3752453
3752460
3752507
3752636
3752654
3752704
3752715
3752768
3752771
3752804
3752873
3752909
3752941
3752942
3752964
3753017
3753184
3753201
3753343
3753388
3753433
3753442
3753510
3753513
3753515
3753532
3753586
3753763
3753777
3753787
3753790
3753796
3753797
3753799
3753819
3753991
3754035
3754072
3754154
3754173
3754289
3754373
3754425
3754444
3754476
3754477
3754768
3754773
3754794
3754807
3754843
3754879
3754881
3754883
3754902
3754936
3754938
3754976
3754977
3755045
3755143
3755219
3755231
3755237
3755291
3755293
3755294
3755297
3755310
3755318
3755359
3755481
3755498
3755500
3755547
3755566
3755592
3755626
3755817
3755881
3755970
3755997
3756013
3756117
3756118
3756206
3756269
3756340
3756376
3756432
3756471
3756472
3756544
3756610
3756641
3756750
3756757
3756802
3756811
3756861
3756893
3756906
3756909
3757058
3757102
3757108
3757201
3757233
3757330
3757368
3757372
3757373
3757378
3757380
3757388
3757446
3757516
3757520
3757555
3757718
3757807
3757825
3757829
3757831
3757952
3757983
3758044
3758067
3758143
3758280
3758377
3758380
3758414
3758417
3758419
3758473
3758505
3758506
3758510
3758521
3758586
3758595
3758597
3758598
3758602
3758610
3758613
3758774
3758847
3758849
3758898
3759080
3759084
3759200
3759201
3759203
3759206
3759211
3759218
3759233
3759234
3759235
3759240
3759242
3759243
3759246
3759298
3759523
3759577
3759588
3759656
3759662
3759663
3759683
3759760
3759790
3759931
3759934
3760006
3760026
3760061
3760226
3760242
3760275
3760340
3760372
3760454
3760465
3760510
3760584
3760630
3760672
3760702
3760726
3760727
3760875
3761003
3761032
3761076
3761160
3761547
3761660
3761679
3761684
3761711
3761754
3761910
3761955
3762020
3762025
3762154
3762180
3762255
3762306
3762337
3762360
3762420
3762438
3762447
3762475
3762548
3762780
3762813
3762838
3762844
3763058
3763086
3763138
3763189
3763275
3763463
3763566
3763662
3763686
3763791
3763792
3763911
3763974
3764057
3764069
3764197
3764366
3764405
3764409
3764419
3764420
3764421
3764480
3764526
3764555
3764556
3764589
3764593
3764649
3764660
3764666
3764667
3764670
3764671
3764673
3764676
3764702
3764769
3764792
3764823
3764855
3764867
3764886
3764909
3764912
3764936
3764949
3765066
3765067
3765068
3765069
3765077
3765081
3765084
3765085
3765094
3765118
3765223
3765254
3765299
3765468
3765530
3765557
3765575
3765579
3765623
3765675
3765680
3765706
3765748
3765753
3765817
3765857
3765877
3765940
3765943
3765975
3765978
3765982
3766013
3766029
3766030
3766031
3766034
3766085
3766112
3766116
3766198
3766266
3766319
3766321
3766334
3766459
3766490
3766511
3766685
3766699
3766707
3766841
3766849
3766852
3766853
3766855
3766902
3767004
3767106
3767198
3767202
3767296
3767346
3767349
3767587
3767642
3767645
3767666
3767734
3767774
3767810
3767816
3767818
3767998
3768067
3768114
3768149
3768271
3768357
3768359
3768360
3768362
3768483
3768495
3768507
3768559
3768580
3768628
3768646
3768672
3768736
3768737
3768739
3768763
3768806
3768913
3768916
3768922
3768937
3768980
3768981
3769052
3769171
3769197
3769325
3769326
3769330
3769332
3769336
3769338
3769367
3769372
3769373
3769504
3769505
3769511
3769515
3769519
3769524
3769526
3769637
3769639
3769642
3769708
3769742
3769819
3769854
3769855
3769870
3769955
3769973
3769985
3770031
3770057
3770062
3770102
3770132
3770145
3770254
3770488
3770515
3770580
3770663
3770716
3770719
3770735
3770773
3770891
3770914
3771027
3771044
3771070
3771071
3771093
3771097
3771101
3771102
3771153
3771265
3771281
3771315
3771335
3771372
3771432
3771455
3771464
3771465
3771468
3771518
3771539
3771675
3771677
3771680
3771836
3771868
3771878
3771904
3771978
3772035
3772091
3772174
3772177
3772178
3772180
3772383
3772531
3772648
3772679
3772694
3772780
3772813
3772959
3772960
3773061
3773126
3773162
3773186
3773269
3773366
3773389
3773399
3773403
3773443
3773526
3773579
3773647
3773660
3773674
3773693
3773705
3773791
3773806
3773810
3773867
3773933
3773941
3773984
3774044
3774051
3774077
3774133
3774326
3774341
3774355
3774410
3774527
3774597
3774642
3774653
3774687
3774731
3774772
3774840
3774893
3774906
3774911
3774939
3775016
3775154
3775230
3775294
3775304
3775308
3775408
3775584
3775592
3775603
3775654
3775760
3775915
3775931
3776044
3776048
3776168
3776185
3776427
3776509
3776524
3776567
3776576
3776622
3776660
3776677
3776698
3776701
3776800
3776847
3776913
3776929
3776938
3776972
3776983
3776987
3776988
3777103
3777122
3777199
3777276
3777303
3777365
3777366
3777443
3777567
3777602
3777606
3777621
3777661
3777840
3777876
3777893
3777922
3777951
3777953
3777986
3777988
3778020
3778079
3778096
3778134
3778258
3778267
3778302
3778306
3778369
3778402
3778430
3778449
3778490
3778544
3778566
3778624
3778636
3778640
3778657
3778661
3778670
3778731
3778777
3778803
3778807
3778832
3778959
3778965
3779030
3779073
3779161
3779347
3779374
3779412
3779455
3779500
3779563
3779619
3779660
3779801
3779853
3779869
3779941
3779984
3779993
3780013
3780014
3780025
3780081
3780091
3780093
3780094
3780189
3780252
3780265
3780285
3780292
3780359
3780454
3780473
3780551
3780594
3780638
3780744
3780767
3780780
3780840
3780973
3780975
3780989
3781070
3781093
3781116
3781227
3781252
3781359
3781360
3781466
3781520
3781521
3781569
3781696
3781713
3782002
3782076
3782121
3782144
3782225
3782226
3782337
3782400
3782443
3782664
3782717
3783112
3783141
3783259
3783360
3783603
3783619
3783677
3784082
3784095
3784259
3784261
3784282
3784354
3784451
3784455
3784494
3784620
3784756
3784833
3785161
3785182
3785197
3785227
3785577
3785610
3785635
3785783
3785840
3785865
3786099
3786123
3786124
3786167
3786198
3786281
3786378
3786450
3786452
3786571
3786651
3786770
3786840
3786863
3786898
3787147
3787228
3787229
3787281
3787292
3787555
3787629
3787689
3787713
3787735
3787753
3787840
3787844
3787956
3788292
3788305
3788451
3788470
3788558
3788648
3788654
3788673
3788705
3788710
3788738
3788983
3788984
3789037
3789054
3789158
3789253
3789310
3789325
3789368
3789383
3789432
3789468
3789747
3789775
3789777
3789830
3789852
3789895
3789906
3789907
3789908
3789918
3789919
3789920
3789921
3789923
3789967
3789978
3790219
3790369
3790387
3790388
3790404
3790409
3790417
3790515
3790544
3790599
3790639
3790683
3790686
3790693
3790802
3790813
3790817
3790821
3790826
3790915
3790982
3791016
3791019
3791086
3791125
3791131
3791137
3791150
3791151
3791161
3791162
3791163
3791177
3791180
3791291
3791296
3791302
3791485
3791578
3791706
3791719
3791758
3791760
3791775
3791782
3791787
3792070
3792153
3792207
3792243
3792244
3792245
3792246
3792250
3792267
3792284
3792325
3792440
3792469
3792651
3792659
3792780
3792784
3792791
3792808
3792809
3792810
3792822
3792823
3792870
3792872
3792974
3792984
3793012
3793015
3793018
3793027
3793031
3793215
3793234
3793404
3793486
3793510
3793545
3793600
3793622
3793638
3793641
3793668
3793745
3793805
3793831
3793900
3794001
3794011
3794045
3794072
3794091
3794094
3794110
3794111
3794113
3794115
3794117
3794177
3794320
3794394
3794565
3794600
3794619
3794659
3794725
3794737
3794812
3794826
3794836
3794860
3794877
3794966
3795038
3795064
3795130
3795194
3795254
3795343
3795406
3795555
3795557
3795575
3795583
3795590
3795662
3795723
3795733
3795784
3795915
3795937
3796100
3796226
3796337
3796407
3796432
3796506
3796887
3796891
3796945
3796961
3796969
3797017
3797022
3797034
3797067
3797071
3797073
3797084
3797088
3797090
3797093
3797136
3797165
3797204
3797205
3797213
3797235
3797251
3797307
3797317
3797320
3797381
3797391
3797451
3797506
3797644
3797655
3797658
3797661
3797662
3797668
3797709
3797710
3797712
3797715
3797716
3797718
3797895
3798032
3798033
3798044
3798045
3798092
3798120
3798157
3798251
3798257
3798275
3798626
3798644
3798649
3798782
3798833
3798835
3798863
3798941
3798945
3798982
3799027
3799051
3799086
3799111
3799133
3799266
3799297
3799353
3799440
3799511
3799642
3799697
3799724
3799731
3799732
3799746
3799764
3799780
3799795
3799821
3799822
3799847
3799876
3799880
3799894
3799958
3799961
3800074
3800138
3800144
3800170
3800181
3800258
3800266
3800283
3800308
3800372
3800446
3800502
3800658
3800682
3800710
3800744
3800745
3800752
3800791
3800833
3800871
3800970
3801019
3801034
3801068
3801095
3801125
3801188
3801220
3801270
3801272
3801345
3801403
3801437
3801491
3801509
3801557
3801558
3801570
3801579
3801585
3801639
3801663
3801720
3801756
3801758
3801772
3801773
3801812
3801818
3801839
3801858
3801870
3801948
3801966
3802015
3802124
3802157
3802248
3802270
3802275
3802346
3802455
3802636
3802648
3802803
3802861
3802932
3802967
3803012
3803039
3803149
3803160
3803428
3803440
3803620
3803627
3803639
3803642
3803666
3803711
3803724
3803765
3803857
3803926
3803985
3804172
3804226
3804335
3804428
3804675
3804696
3804866
3804964
3804978
3805050
3805059
3805105
3805194
3805223
3805543
3805549
3805590
3805701
3805749
3805801
3805898
3805903
3805935
3805946
3806028
3806153
3806250
3806383
3806435
3806436
3806438
3806562
3806616
3806634
3806722
3806727
3806765
3806800
3806868
3807040
3807084
3807105
3807207
3807472
3807537
3807579
3807671
3807758
3808207
3808354
3808452
3808481
3808534
3808535
3808621
3808677
3808718
3808817
3808889
3808896
3809013
3809102
3809147
3809223
3809247
3809278
3809300
3809337
3809340
3809351
3809424
3809465
3809531
3809613
3809691
3809831
3809835
3810492
3810568
3810594
3810619
3810753
3810762
3810909
3810949
3811038
3811110
3811111
3811198
3811365
3811372
3811396
3811405
3811411
3811426
3811508
3811650
3811685
3811724
3811738
3811760
3811810
3811813
3811869
3812026
3812069
3812172
3812233
3812237
3812482
3812577
3812629
3812748
3812798
3812926
3812975
3813014
3813042
3813099
3813347
3813402
3813459
3813461
3813842
3813857
3813930
3814032
3814210
3814232
3814330
3814535
3814587
3814598
3814611
3814805
3814829
3814911
3814916
3815035
3815048
3815055
3815086
3815111
3815198
3815402
3815483
3815655
3815687
3815719
3815909
3815911
3815952
3815983
3816043
3816090
3816114
3816199
3816583
3816791
3816898
3816906
3817241
3817271
3817316
3817460
3817549
3817680
3817683
3817702
3817728
3817884
3817941
3817994
3817998
3818147
3818392
3818403
3818405
3818537
3818563
3818654
3818699
3818719
3818929
3818991
3819104
3819123
3819260
3819315
3819328
3819337
3819360
3819528
3819892
3819894
3820071
3820192
3820224
3820372
3820831
3820841
3820842
3820914
3820974
3821109
3821166
3821190
3821215
3821485
3821528
3821541
3821545
3821694
3821794
3821824
3821887
3821972
3821980
3821990
3822016
3822020
3822154
3822198
3822426
3822452
3822471
3822560
3822624
3822636
3822655
3822744
3822765
3822814
3822894
3822932
3822955
3823108
3823432
3823495
3823517
3823663
3823730
3823783
3823911
3823949
3824137
3824202
3824280
3824597
3824616
3824817
3824861
3825133
3825138
3825160
3825276
3825283
3825433
3825623
3825632
3825730
3825796
3825842
3826021
3826091
3826350
3826427
3826591
3826740
3826773
3826965
3827023
3827200
3827290
3827304
3827344
3827575
3827587
3827849
3827859
3827971
3827986
3828070
3828172
3828174
3828313
3828425
3828496
3828622
3828709
3828785
3828878
3828913
3828972
3828973
3829151
3829286
3829287
3829344
3829358
3829475
3829481
3829507
3829650
3829657
3829679
3829699
3829757
3829780
3829862
3829955
3830103
3830157
3830461
3830468
3830484
3830502
3830560
3830746
3830808
3830817
3830860
3831027
3831180
3831220
3831227
3831325
3831444
3831545
3831587
3831599
3831711
3831773
3831817
3831875
3832002
3832015
3832050
3832063
3832260
3832352
3832565
3832890
3832944
3832945
3832958
3833053
3833177
3833259
3833469
3833524
3833707
3833734
3833791
3834045
3834122
3834216
3834242
3834267
3834508
3834509
3834543
3834573
3834653
3834691
3834791
3834799
3834893
3834902
3834911
3834945
3834959
3835032
3835171
3835295
3835398
3835416
3835473
3835575
3835662
3835706
3835778
3835810
3835815
3835903
3835963
3836059
3836281
3836411
3836483
3836488
3836558
3837248
3837309
3837355
3837555
3837556
3837657
3837677
3837748
3837836
3837879
3837992
3837993
3838270
3838356
3838453
3838533
3838543
3838676
3838819
3838950
3839199
3839319
3839338
3839366
3839674
3839917
3840192
3840250
3840257
3840422
3840494
3840501
3840570
3840586
3840648
3840836
3840855
3840930
3840934
3841251
3841259
3841299
3841483
3841552
3841622
3841623
3841635
3841707
3841789
3841899
3841904
3841927
3841938
3842049
3842100
3842172
3842268
3842282
3842288
3842676
3842691
3842694
3842699
3842708
3842750
3842851
3843106
3843159
3843176
3843197
3843222
3843304
3843343
3843346
3843348
3843371
3843399
3843406
3843500
3843651
3843756
3843920
3844043
3844099
3844125
3844144
3844211
3844274
3844275
3844276
3844287
3844309
3844326
3844331
3844429
3844432
3844459
3844505
3844506
3844507
3844508
3844512
3844525
3844526
3844533
3844536
3844552
3844601
3844843
3844955
3845127
3845129
3845143
3845144
3845146
3845150
3845153
3845178
3845246
3845250
3845251
3845259
3845262
3845265
3845583
3845652
3845654
3845655
3845656
3845657
3845659
3845672
3845675
3845709
3845796
3845851
3845867
3845906
3845913
3845957
3845960
3846017
3846086
3846087
3846177
3846277
3846334
3846378
3846477
3846479
3846490
3846615
3846643
3846649
3846799
3846824
3846851
3846906
3847098
3847208
3847209
3847214
3847219
3847288
3847291
3847302
3847317
3847376
3847403
3847439
3847443
3847480
3847481
3847527
3847559
3847590
3847597
3847620
3847621
3847624
3847626
3847627
3847633
3847738
3847840
3847848
3847859
3847882
3847894
3847899
3847901
3847903
3847981
3848019
3848028
3848034
3848036
3848091
3848095
3848130
3848139
3848179
3848220
3848301
3848303
3848304
3848372
3848374
3848397
3848415
3848461
3848473
3848501
3848723
3848731
3848744
3848782
3848826
3848892
3849030
3849111
3849190
3849217
3849218
3849220
3849221
3849226
3849230
3849285
3849303
3849557
3849577
3849712
3849720
3849748
3849836
3849990
3849998
3849999
3850081
3850098
3850172
3850218
3850237
3850245
3850270
3850280
3850283
3850295
3850312
3850446
3850483
3850557
3850559
3850561
3850713
3850714
3850758
3850815
3850825
3850909
3850918
3850933
3851066
3851073
3851091
3851109
3851110
3851146
3851163
3851175
3851176
3851234
3851315
3851320
3851406
3851499
3851558
3851705
3851715
3851744
3851750
3851775
3851810
3851855
3851912
3851920
3851965
3852016
3852017
3852048
3852052
3852072
3852108
3852151
3852152
3852159
3852166
3852172
3852322
3852334
3852352
3852400
3852436
3852582
3852805
3852857
3852895
3852896
3852898
3852899
3852901
3852902
3852904
3853043
3853049
3853050
3853095
3853115
3853148
3853171
3853236
3853361
3853392
3853459
3853509
3853557
3853576
3853579
3853583
3853616
3853659
3853691
3853775
3853834
3853867
3853960
3853992
3854034
3854064
3854085
3854113
3854201
3854230
3854232
3854241
3854349
3854499
3854550
3854658
3854666
3854688
3854710
3854720
3854764
3854809
3854817
3854831
3855016
3855021
3855027
3855047
3855130
3855148
3855511
3855539
3855585
3855591
3855636
3855764
3855868
3855882
3855889
3855897
3855898
3855900
3855901
3855909
3855911
3855914
3855917
3855919
3855920
3855923
3855924
3856101
3856196
3856261
3856453
3856488
3856505
3856556
3856588
3856600
3856614
3856621
3856648
3856649
3856650
3856879
3856920
3856935
3856964
3856967
3856986
3856987
3857077
3857086
3857122
3857140
3857187
3857348
3857381
3857382
3857384
3857387
3857392
3857395
3857396
3857397
3857398
3857401
3857405
3857422
3857540
3857559
3857689
3857739
3857770
3857827
3857842
3857907
3858082
3858108
3858110
3858131
3858186
3858304
3858312
3858313
3858317
3858325
3858374
3858387
3858549
3858559
3858561
3858563
3858568
3858572
3858573
3858574
3858578
3858604
3858622
3858623
3858628
3858632
3858720
3858776
3858797
3858853
3858902
3858964
3858968
3858982
3859054
3859125
3859240
3859353
3859472
3859496
3859497
3859499
3859514
3859527
3859720
3859758
3859820
3859914
3859915
3859956
3860037
3860054
3860093
3860179
3860233
3860257
3860258
3860264
3860266
3860268
3860273
3860283
3860287
3860304
3860325
3860393
3860456
3860480
3860572
3860660
3860682
3860686
3860689
3860710
3860806
3860816
3860825
3860832
3860946
3861038
3861161
3861190
3861192
3861241
3861442
3861455
3861463
3861466
3861622
3861723
3861737
3861738
3861756
3861773
3861859
3861862
3861998
3862007
3862061
3862075
3862153
3862169
3862271
3862281
3862296
3862299
3862342
3862406
3862448
3862511
3862529
3862630
3862632
3862664
3862761
3862762
3862963
3863014
3863024
3863035
3863036
3863059
3863225
3863322
3863416
3863454
3863654
3863674
3863715
3863776
3863842
3863861
3863885
3863890
3863898
3863911
3863912
3863913
3863914
3863928
3863929
3863933
3863941
3863944
3863946
3863947
3863948
3863956
3863974
3864071
3864153
3864230
3864248
3864278
3864314
3864358
3864363
3864471
3864491
3864494
3864513
3864516
3864520
3864530
3864692
3864720
3864764
3864817
3864892
3864924
3864927
3864948
3864969
3865053
3865077
3865085
3865093
3865096
3865129
3865170
3865256
3865327
3865347
3865351
3865381
3865505
3865537
3865615
3865647
3865678
3865706
3865716
3865867
3865893
3865939
3866078
3866157
3866169
3866247
3866286
3866291
3866376
3866420
3866513
3866524
3866549
3866559
3866588
3866630
3866633
3866774
3866795
3866922
3867014
3867019
3867045
3867058
3867119
3867271
3867281
3867283
3867288
3867311
3867335
3867336
3867345
3867363
3867364
3867465
3867468
3867479
3867511
3867522
3867555
3867557
3867558
3867563
3867598
3867659
3867678
3867701
3867711
3867775
3867823
3867825
3867831
3867841
3867849
3867889
3867980
3867999
3868035
3868049
3868153
3868224
3868228
3868261
3868338
3868451
3868459
3868589
3868622
3868715
3868883
3868903
3868909
3868919
3868924
3868941
3868951
3869080
3869083
3869126
3869147
3869151
3869181
3869183
3869184
3869217
3869281
3869308
3869322
3869343
3869358
3869392
3869469
3869474
3869528
3869535
3869554
3869576
3869578
3869594
3869602
3869607
3869609
3869710
3869715
3869730
3869742
3869747
3869814
3869879
3869888
3869891
3869991
3870068
3870083
3870086
3870089
3870121
3870173
3870208
3870302
3870355
3870403
3870412
3870529
3870610
3870617
3870623
3870758
3870820
3870832
3870881
3870906
3870945
3870958
3871000
3871015
3871034
3871048
3871051
3871055
3871061
3871085
3871086
3871113
3871125
3871193
3871248
3871295
3871343
3871411
3871427
3871605
3871661
3871669
3871952
3871962
3871964
3872001
3872077
3872103
3872105
3872114
3872120
3872127
3872269
3872270
3872275
3872313
3872377
3872416
3872426
3872539
3872558
3872616
3872655
3872658
3872663
3872696
3872703
3872706
3872958
3872959
3872966
3873024
3873025
3873091
3873156
3873193
3873228
3873233
3873272
3873309
3873324
3873411
3873423
3873440
3873529
3873580
3873601
3873602
3873605
3873666
3873688
3873719
3873773
3873774
3873797
3873810
3873840
3873913
3873918
3873921
3873926
3873928
3873929
3873932
3873968
3873975
3874091
3874129
3874133
3874139
3874294
3874298
3874394
3874482
3874483
3874490
3874495
3874507
3874525
3874560
3874566
3874633
3874682
3874711
3874741
3874827
3874838
3874898
3874923
3874956
3874997
3875010
3875055
3875064
3875077
3875126
3875160
3875161
3875166
3875246
3875284
3875321
3875532
3875564
3875672
3875691
3875799
3875854
3875973
3876064
3876068
3876120
3876159
3876261
3876270
3876287
3876301
3876342
3876344
3876356
3876432
3876434
3876459
3876480
3876494
3876535
3876570
3876653
3876690
3876842
3876875
3877042
3877129
3877145
3877161
3877247
3877248
3877258
3877274
3877315
3877349
3877350
3877384
3877474
3877475
3877519
3877545
3877609
3877627
3877633
3877800
3877802
3877855
3877950
3877951
3877952
3877953
3877956
3877958
3877970
3878056
3878129
3878371
3878373
3878426
3878486
3878582
3878734
3878748
3878875
3878904
3878932
3878933
3878943
3879027
3879052
3879291
3879395
3879399
3879405
3879407
3879433
3879439
3879452
3879555
3879738
3879893
3880049
3880073
3880203
3880215
3880218
3880220
3880221
3880223
3880224
3880225
3880226
3880230
3880231
3880232
3880233
3880234
3880236
3880255
3880280
3880319
3880344
3880346
3880362
3880363
3880387
3880398
3880495
3880531
3880587
3880594
3880663
3880735
3880766
3880788
3880800
3880807
3880853
3880868
3880869
3880959
3880983
3881125
3881147
3881270
3881372
3881468
3881487
3881607
3881672
3881676
3881677
3881678
3881679
3881734
3881740
3881748
3881787
3881832
3881867
3881991
3882074
3882088
3882097
3882120
3882166
3882179
3882187
3882311
3882339
3882434
3882481
3882483
3882487
3882647
3882706
3882749
3882768
3882822
3882952
3882955
3882996
3883075
3883088
3883146
3883158
3883181
3883208
3883274
3883319
3883324
3883325
3883377
3883378
3883379
3883401
3883552
3883630
3883682
3883683
3883684
3883702
3883786
3883788
3883875
3883877
3883884
3883958
3884079
3884127
3884198
3884287
3884293
3884423
3884504
3884517
3884587
3884594
3884730
3884742
3884743
3884798
3884851
3884871
3884875
3884938
3884940
3885040
3885077
3885078
3885079
3885099
3885100
3885101
3885103
3885104
3885106
3885107
3885108
3885186
3885314
3885320
3885321
3885324
3885476
3885522
3885608
3885679
3885733
3885770
3885825
3885826
3885860
3885887
3885888
3885890
3885894
3885895
3885901
3885903
3885904
3885905
3885907
3885911
3885912
3885913
3885976
3885983
3886067
3886135
3886148
3886152
3886179
3886207
3886242
3886318
3886388
3886426
3886494
3886495
3886529
3886533
3886534
3886535
3886537
3886538
3886539
3886541
3886545
3886556
3886615
3886647
3886759
3886808
3886822
3886823
3886824
3886829
3886831
3886835
3886836
3886839
3886841
3886843
3886848
3886967
3887002
3887006
3887039
3887040
3887223
3887325
3887380
3887396
3887437
3887514
3887547
3887597
3887602
3887675
3887735
3887832
3887878
3887990
3888089
3888235
3888273
3888274
3888290
3888355
3888451
3888734
3888746
3888803
3888823
3888882
3888938
3889005
3889143
3889175
3889197
3889285
3889423
3889550
3889560
3889561
3889749
3889758
3889759
3889821
3889862
3889873
3889884
3889889
3889915
3889916
3889969
3889970
3889976
3890062
3890110
3890138
3890205
3890253
3890359
3890452
3890458
3890490
3890634
3890637
3890649
3890716
3890825
3890851
3890900
3890914
3891075
3891132
3891143
3891237
3891319
3891323
3891348
3891464
3891466
3891528
3891592
3891685
3891766
3891865
3891938
3891939
3891982
3892071
3892077
3892106
3892109
3892120
3892142
3892163
3892211
3892333
3892376
3892417
3892429
3892551
3892626
3892728
3892827
3892835
3892873
3892953
3892965
3893055
3893076
3893131
3893146
3893203
3893208
3893222
3893299
3893300
3893376
3893377
3893378
3893379
3893380
3893382
3893383
3893384
3893412
3893439
3893455
3893497
3893499
3893502
3893510
3893516
3893662
3893936
3893975
3894039
3894084
3894205
3894225
3894230
3894274
3894420
3894619
3894668
3894673
3894788
3894836
3894914
3894927
3894971
3894980
3894993
3894999
3895210
3895222
3895244
3895267
3895269
3895288
3895290
3895293
3895296
3895403
3895415
3895462
3895464
3895542
3895548
3895570
3895571
3895579
3895635
3895651
3895663
3895688
3895698
3895702
3895703
3895705
3895706
3895735
3895737
3895742
3895763
3895770
3895814
3896007
3896008
3896011
3896015
3896016
3896018
3896028
3896029
3896231
3896269
3896378
3896402
3896438
3896440
3896449
3896516
3896555
3896564
3896611
3896679
3896729
3896757
3896782
3896786
3896811
3896937
3896938
3896939
3896982
3897011
3897074
3897075
3897077
3897078
3897079
3897080
3897081
3897084
3897085
3897183
3897234
3897279
3897325
3897417
3897533
3897604
3897711
3897715
3897725
3897784
3897807
3897810
3897814
3897815
3897827
3897904
3898028
3898029
3898031
3898032
3898046
3898048
3898053
3898096
3898102
3898103
3898166
3898340
3898361
3898367
3898470
3898591
3898608
3898635
3898761
3898771
3898793
3898823
3898870
3898904
3898942
3898960
3899010
3899045
3899059
3899093
3899121
3899151
3899179
3899180
3899185
3899187
3899505
3899566
3899573
3899696
3899712
3899716
3899744
3899794
3899807
3899818
3899821
3899823
3899898
3899899
3899900
3899901
3899903
3899966
3899969
3899972
3899998
3899999
3900024
3900027
3900028
3900030
3900036
3900037
3900104
3900105
3900108
3900110
3900132
3900133
3900134
3900142
3900147
3900149
3900150
3900151
3900152
3900154
3900155
3900156
3900158
3900159
3900204
3900303
3900339
3900341
3900344
3900375
3900397
3900570
3900595
3900596
3900597
3900599
3900601
3900602
3900603
3900606
3900608
3900609
3900620
3900621
3900622
3900625
3900643
3900700
3900703
3900810
3901193
3901253
3901255
3901267
3901270
3901586
3901587
3901610
3901704
3901999
3902001
3902028
3902160
3902177
3902279
3902280
3902293
3902449
3902465
3902540
3902570
3902663
3902768
3902888
3902938
3902939
3902950
3903018
3903088
3903094
3903149
3903212
3903237
3903313
3903349
3903384
3903439
3903711
3903781
3903784
3903787
3903800
3903870
3903871
3903926
3903927
3903930
3904033
3904125
3904188
3904190
3904214
3904222
3904244
3904286
3904473
3904651
3904684
3904685
3904687
3904688
3904689
3904690
3904695
3904711
3904761
3904771
3904834
3904844
3904893
3904895
3905044
3905058
3905231
3905418
3905428
3905577
3905686
3905687
3905753
3905861
3905895
3905930
3905938
3906017
3906041
3906067
3906146
3906199
3906271
3906316
3906338
3906400
3906421
3906529
3906578
3906581
3906607
3906612
3906649
3906718
3906761
3906912
3906914
3906926
3906935
3906941
3907030
3907147
3907148
3907414
3907459
3907570
3907669
3907689
3907697
3907764
3907790
3907814
3907930
3907983
3908022
3908220
3908243
3908267
3908295
3908379
3908436
3908437
3908463
3908464
3908468
3908532
3908556
3908567
3908568
3908579
3908582
3908597
3908598
3908609
3908687
3908788
3908822
3908877
3908884
3908893
3908944
3909054
3909181
3909193
3909222
3909238
3909239
3909342
3909421
3909423
3909572
3909573
3909576
3909620
3909650
3909729
3909812
3909864
3909908
3909966
3909968
3909970
3909971
3909975
3909997
3910085
3910147
3910274
3910340
3910348
3910365
3910376
3910421
3910436
3910439
3910530
3910554
3910657
3910661
3910781
3910787
3910814
3910901
3910942
3910952
3910965
3910967
3910971
3910972
3911174
3911270
3911332
3911363
3911366
3911382
3911388
3911437
3911494
3911551
3911562
3911568
3911652
3911668
3911693
3911700
3911745
3911748
3911779
3911992
3912024
3912040
3912070
3912071
3912231
3912254
3912341
3912425
3912502
3912592
3912593
3912628
3912630
3912653
3912864
3912873
3912975
3912979
3913112
3913136
3913140
3913220
3913242
3913356
3913417
3913474
3913525
3913526
3913578
3913657
3913721
3913888
3913953
3913954
3914012
3914034
3914053
3914069
3914219
3914221
3914269
3914315
3914319
3914353
3914431
3914435
3914486
3914520
3914574
3914619
3914656
3914685
3914800
3914857
3914949
3915000
3915022
3915026
3915042
3915102
3915120
3915137
3915179
3915232
3915252
3915294
3915295
3915305
3915316
3915332
3915386
3915393
3915414
3915415
3915487
3915638
3915723
3915758
3915766
3915838
3915871
3915910
3915939
3916135
3916140
3916154
3916278
3916355
3916367
3916423
3916518
3916519
3916611
3916630
3916648
3916650
3916664
3916725
3916770
3916773
3916813
3916840
3916864
3916997
3917037
3917038
3917070
3917074
3917096
3917148
3917181
3917183
3917187
3917237
3917280
3917333
3917363
3917471
3917494
3917501
3917513
3917537
3917556
3917570
3917619
3917727
3917738
3917749
3917769
3917780
3917903
3917929
3917968
3918002
3918013
3918027
3918056
3918079
3918119
3918137
3918140
3918155
3918156
3918203
3918239
3918254
3918364
3918375
3918390
3918412
3918428
3918489
3918496
3918658
3918751
3918776
3918895
3918911
3919009
3919066
3919108
3919111
3919190
3919270
3919524
3919574
3919596
3919643
3919668
3919712
3919719
3919787
3919824
3919996
3920008
3920029
3920118
3920161
3920279
3920294
3920329
3920330
3920341
3920371
3920383
3920457
3920542
3920543
3920553
3920559
3920580
3920590
3920593
3920616
3920822
3920875
3920880
3920888
3920901
3920903
3920904
3920968
3921004
3921152
3921211
3921215
3921332
3921343
3921381
3921456
3921464
3921520
3921527
3921712
3921746
3921804
3921877
3921937
3921964
3922140
3922182
3922210
3922274
3922474
3922597
3922704
3922731
3922738
3922769
3922896
3922963
3923109
3923136
3923240
3923312
3923342
3923463
3923472
3923485
3923610
3923698
3923708
3923727
3923728
3923899
3923963
3923992
3924005
3924128
3924146
3924155
3924179
3924268
3924304
3924340
3924385
3924452
3924548
3924646
3924794
3924822
3924824
3924907
3924941
3924942
3924943
3925029
3925110
3925145
3925158
3925190
3925287
3925290
3925317
3925342
3925347
3925413
3925540
3925584
3925681
3925694
3925758
3925894
3925944
3926016
3926099
3926121
3926123
3926130
3926215
3926330
3926395
3926409
3926542
3926549
3926615
3926686
3926742
3926786
3926933
3926964
3926985
3926995
3927146
3927187
3927225
3927304
3927343
3927400
3927513
3927578
3927607
3927633
3927638
3927927
3927928
3927934
3927935
3927966
3927992
3928118
3928122
3928134
3928145
3928157
3928211
3928258
3928292
3928296
3928298
3928300
3928304
3928346
3928404
3928426
3928435
3928436
3928474
3928600
3928610
3928612
3928616
3928635
3928637
3928751
3928830
3928851
3928912
3929058
3929061
3929091
3929124
3929158
3929211
3929217
3929231
3929239
3929241
3929318
3929358
3929406
3929408
3929554
3929664
3929669
3929706
3929731
3929803
3929823
3929935
3929936
3929937
3929938
3929939
3929941
3929942
3929948
3929951
3930048
3930060
3930091
3930262
3930270
3930288
3930293
3930294
3930341
3930455
3930564
3930640
3930672
3930673
3930689
3930741
3930973
3930974
3931048
3931085
3931133
3931165
3931176
3931287
3931291
3931292
3931293
3931321
3931359
3931527
3931545
3931595
3931627
3931635
3931651
3931687
3931692
3931723
3931731
3931937
3931938
3931995
3932056
3932160
3932161
3932236
3932309
3932321
3932669
3932698
3932765
3932823
3932862
3933003
3933004
3933065
3933093
3933112
3933177
3933219
3933250
3933268
3933270
3933273
3933302
3933305
3933416
3933458
3933594
3933684
3933724
3933726
3933756
3933774
3933777
3933792
3933807
3933808
3933810
3933915
3933970
3933972
3934067
3934077
3934108
3934110
3934111
3934292
3934510
3934595
3934596
3934600
3934750
3934841
3934865
3935071
3935117
3935260
3935303
3935322
3935555
3935645
3935721
3935740
3935867
3935868
3935870
3935903
3935904
3935913
3935944
3935992
3936061
3936106
3936135
3936253
3936262
3936265
3936268
3936301
3936314
3936315
3936316
3936491
3936508
3936694
3936824
3936835
3936851
3936852
3936871
3936932
3937004
3937346
3937452
3937470
3937591
3937616
3937696
3937768
3937816
3937886
3937901
3937902
3937956
3937977
3938068
3938074
3938246
3938268
3938316
3938317
3938321
3938326
3938328
3938378
3938384
3938387
3938513
3938659
3938688
3938700
3938735
3938736
3938764
3938897
3939063
3939068
3939117
3939151
3939154
3939255
3939258
3939317
3939385
3939451
3939452
3939490
3939497
3939506
3939511
3939581
3939598
3939660
3939678
3939697
3939715
3939721
3939737
3939795
3939801
3939814
3939864
3939919
3940033
3940037
3940123
3940143
3940198
3940259
3940301
3940316
3940393
3940417
3940814
3940848
3940892
3940926
3940942
3940972
3940979
3941078
3941126
3941129
3941178
3941206
3941304
3941311
3941327
3941345
3941359
3941493
3941711
3941801
3941825
3941826
3941888
3942125
3942132
3942180
3942253
3942368
3942383
3943108
3943193
3943255
3943366
3943441
3943919
3944057
3944075
3944297
3944307
3944368
3944439
3944610
3944724
3944843
3944864
3944865
3944886
3944915
3945128
3945186
3945222
3945303
3945394
3945468
3945488
3945535
3945635
3945808
3946000
3946048
3946144
3946186
3946279
3946281
3946336
3946354
3946408
3946560
3946742
3946863
3946881
3947098
3947153
3947264
3947309
3947319
3947388
3947392
3947409
3947829
3947955
3948021
3948071
3948110
3948249
3948440
3948444
3948460
3948500
3948663
3948686
3948695
3948885
3948939
3949187
3949298
3949446
3949533
3949547
3949568
3949603
3949834
3949983
3950046
3950157
3950205
3950340
3950378
3950449
3950636
3950741
3950859
3950943
3951019
3951022
3951068
3951126
3951185
3951192
3951228
3951595
3951641
3951707
3951764
3951878
3951879
3952118
3952430
3952443
3952474
3952673
3952747
3952761
3952801
3952825
3952840
3952969
3952976
3953060
3953140
3953198
3953199
3953224
3953247
3953290
3953361
3953450
3953499
3953560
3953641
3953685
3953688
3953733
3953812
3953861
3953903
3954054
3954271
3954285
3954292
3954507
3954537
3954539
3954628
3954693
3954712
3954779
3954781
3954822
3954952
3955162
3955181
3955322
3955357
3955388
3955428
3955509
3955593
3955649
3955782
3955823
3955850
3955880
3955932
3955936
3955945
3956003
3956016
3956025
3956164
3956167
3956217
3956229
3956237
3956356
3956435
3956536
3956657
3956691
3956812
3956816
3956921
3957072
3957289
3957459
3957552
3957591
3957802
3958151
3958451
3958662
3958679
3958702
3958749
3958782
3958833
3958917
3958949
3958966
3958968
3959006
3959007
3959205
3959215
3959332
3959368
3959387
3959429
3959443
3959451
3959587
3959598
3959625
3959739
3959782
3959939
3960182
3960202
3960430
3960434
3960585
3960656
3960808
3960821
3960879
3960912
3961075
3961095
3961142
3961225
3961241
3961292
3961406
3961422
3961425
3961471
3961479
3961563
3961636
3961670
3961679
3961684
3961734
3961847
3962047
3962143
3962166
3962168
3962307
3962311
3962410
3962428
3962510
3962558
3962566
3962700
3962725
3962921
3962924
3962965
3963165
3963182
3963656
3963664
3963711
3963809
3963892
3964007
3964150
3964151
3964231
3964243
3964300
3964333
3964335
3964461
3964466
3964872
3964910
3965128
3965224
3965420
3965462
3965554
3965590
3965643
3965652
3965692
3965888
3965913
3965920
3965940
3966135
3966268
3966269
3966583
3966845
3966878
3967007
3967022
3967139
3967210
3967412
3967580
3967613
3967749
3967772
3967809
3967853
3967864
3968081
3968094
3968259
3968695
3969158
3969169
3969235
3969405
3969456
3969470
3969600
3969601
3969614
3969638
3969730
3969770
3970044
3970335
3970474
3970509
3970555
3970910
3970931
3970939
3971100
3971143
3971170
3971246
3971352
3971363
3971400
3971534
3971630
3971736
3971824
3972038
3972068
3972095
3972399
3972504
3972520
3972613
3972987
3973114
3973200
3973215
3973227
3973251
3973304
3973407
3973428
3973429
3973549
3973551
3973626
3973700
3973882
3973990
3974010
3974180
3974254
3974259
3974335
3974544
3974631
3974645
3974649
3974671
3975041
3975067
3975155
3975403
3975406
3975455
3975549
3975641
3975649
3975762
3975769
3975837
3975854
3975897
3976292
3976324
3976381
3976414
3976449
3976545
3976548
3976646
3976687
3976784
3976911
3976975
3977051
3977076
3977080
3977118
3977190
3977367
3977420
3977526
3977537
3977684
3977893
3978038
3978052
3978160
3978185
3978251
3978590
3978625
3978699
3978951
3979192
3979369
3979453
3979570
3979571
3979662
3979675
3979944
3979960
3980280
3980334
3980415
3980811
3980819
3980994
3981005
3981022
3981132
3981161
3981260
3981294
3981600
3981714
3981721
3981821
3981973
3982232
3982492
3982687
3982910
3982964
3983318
3983350
3983351
3983388
3983424
3983475
3983520
3983563
3983570
3983633
3983793
3983993
3984052
3984076
3984077
3984189
3984347
3984455
3984532
3984637
3984798
3984962
3985080
3985095
3985253
3985270
3985271
3985316
3985384
3985556
3985580
3985669
3985719
3985848
3986073
3986076
3986215
3986428
3986584
3986649
3986658
3986697
3986758
3986997
3987059
3987091
3987101
3987316
3987430
3987842
3987930
3987990
3988011
3988042
3988150
3988183
3988188
3988312
3988316
3988432
3988469
3988540
3988541
3988622
3988701
3989029
3989397
3989398
3989451
3989506
3989746
3989773
3989859
3990179
3990195
3990203
3990285
3990299
3990301
3990302
3990303
3990304
3990312
3990315
3990318
3990355
3990356
3990397
3990594
3990758
3990759
3990769
3990786
3990788
3990799
3990815
3990816
3990843
3990876
3991049
3991066
3991229
3991277
3991368
3991394
3991525
3991526
3991537
3991556
3991842
3991913
3992098
3992135
3992146
3992188
3992222
3992247
3992402
3992433
3992498
3992647
3992664
3992711
3992736
3992738
3992819
3992845
3992870
3992885
3992929
3992935
3992962
3992985
3992994
3993164
3993205
3993295
3993338
3993544
3993583
3993589
3993682
3993694
3993754
3993757
3993765
3993766
3993800
3993805
3993912
3993927
3994042
3994043
3994044
3994045
3994065
3994106
3994108
3994126
3994221
3994247
3994269
3994303
3994309
3994423
3994456
3994595
3994723
3994748
3994775
3994863
3994864
3994866
3994874
3994956
3994971
3995039
3995041
3995042
3995043
3995045
3995046
3995061
3995074
3995076
3995082
3995083
3995085
3995197
3995216
3995255
3995256
3995261
3995266
3995268
3995305
3995314
3995344
3995543
3995704
3995834
3995949
3995998
3995999
3996000
3996029
3996030
3996040
3996141
3996165
3996179
3996287
3996374
3996401
3996472
3996556
3996636
3996731
3996788
3996925
3996929
3996935
3997017
3997021
3997081
3997326
3997357
3997457
3997573
3997603
3997612
3997613
3997644
3997715
3997802
3997882
3998038
3998085
3998102
3998106
3998144
3998178
3998287
3998324
3998391
3998475
3998476
3998536
3998542
3998543
3998555
3998568
3998593
3998712
3998713
3998745
3998814
3998976
3999102
3999106
3999107
3999125
3999194
3999297
3999532
3999666
3999670
3999686
3999734
3999825
3999827
3999849
3999863
3999891
3999966
3999967
4000057
4000124
4000127
4000146
4000169
4000328
4000342
4000347
4000465
4000473
4000496
4000545
4000546
4000567
4000654
4000687
4000697
4000714
4000715
4000739
4000775
4000786
4000802
4000851
4000864
4001091
4001200
4001307
4001317
4001325
4001443
4001457
4001516
4001724
4001735
4001739
4001751
4001762
4001971
4002057
4002068
4002110
4002135
4002138
4002173
4002236
4002253
4002305
4002393
4002467
4002528
4002630
4002692
4002713
4002760
4002886
4002970
4002984
4002998
4003024
4003055
4003121
4003137
4003143
4003185
4003298
4003361
4003556
4003571
4003599
4003613
4003672
4003725
4003731
4003776
4003845
4003889
4003896
4003927
4003988
4004088
4004092
4004131
4004132
4004271
4004464
4004473
4004485
4004572
4004576
4004661
4004683
4004742
4004812
4004853
4005199
4005217
4005224
4005225
4005260
4005516
4005733
4005913
4005994
4006317
4006364
4006495
4006630
4006650
4006694
4006743
4006744
4006763
4006775
4006895
4006972
4007106
4007152
4007195
4007251
4007264
4007291
4007335
4007406
4007477
4007511
4007840
4007883
4008065
4008201
4008343
4008621
4008954
4009060
4009083
4009155
4009300
4010138
4010389
4010431
4010542
4010544
4010600
4010630
4010709
4010717
4010863
4010946
4010969
4010996
4011064
4011069
4011082
4011131
4011230
4011235
4011317
4011398
4011590
4011647
4011713
4011750
4011851
4012005
4012117
4012304
4012317
4012377
4012424
4012489
4012638
4012725
4012891
4012961
4012962
4012997
4013069
4013260
4013375
4013628
4013784
4013970
4014044
4014139
4014172
4014385
4014386
4014651
4014935
4015282
4015316
4015317
4015341
4015347
4015351
4015405
4015422
4015489
4015539
4015556
4015663
4015780
4015867
4015889
4015922
4015928
4016014
4016166
4016228
4016389
4016476
4016570
4016613
4016787
4016852
4017174
4017277
4017280
4017461
4017498
4017583
4017587
4017600
4017685
4017687
4017711
4017712
4017761
4017852
4018132
4018170
4018189
4018252
4018273
4018309
4018311
4018376
4018453
4018551
4018748
4019110
4019118
4019236
4019254
4019418
4019450
4019486
4019505
4019669
4019877
4019883
4019932
4019994
4020111
4020129
4020152
4020205
4020520
4020565
4020570
4020698
4020759
4020811
4021006
4021128
4021144
4021216
4021426
4021439
4021688
4021821
4021977
4021987
4022040
4022113
4022164
4022208
4022246
4022395
4022397
4022402
4022431
4022723
4022760
4022771
4022817
4022833
4022852
4022858
4022860
4023083
4023097
4023111
4023123
4023353
4023354
4023388
4023432
4023543
4023840
4023914
4024078
4024091
4024095
4024302
4024526
4024532
4024610
4024707
4024745
4024917
4024925
4025014
4025056
4025086
4025131
4025150
4025155
4025173
4025231
4025234
4025313
4025320
4025331
4025341
4025405
4025553
4025568
4025611
4025663
4025679
4025698
4025748
4025755
4025819
4025920
4025943
4026077
4026263
4026312
4026356
4026357
4026369
4026428
4026534
4026786
4026810
4026861
4026920
4027034
4027103
4027146
4027151
4027175
4027184
4027235
4027350
4027366
4027394
4027396
4027506
4027523
4027577
4027599
4027603
4027755
4027760
4027843
4027845
4027907
4027915
4027922
4028050
4028158
4028199
4028254
4028280
4028365
4028450
4028461
4028590
4028627
4028653
4028749
4028856
4028984
4029025
4029125
4029163
4029292
4029356
4029358
4029396
4029405
4029503
4029540
4029553
4029573
4029679
4029694
4029788
4030057
4030086
4030089
4030112
4030226
4030300
4030304
4030353
4030448
4030453
4030509
4030686
4030702
4030754
4030768
4030814
4030826
4030904
4031033
4031041
4031067
4031228
4031251
4031271
4031340
4031359
4031378
4031441
4031514
4031642
4031668
4031871
4032059
4032077
4032134
4032143
4032197
4032254
4032256
4032265
4032346
4032381
4032420
4032423
4032552
4032792
4032793
4033259
4033384
4033592
4033687
4033695
4033743
4033788
4033815
4033862
4033893
4033894
4033896
4033947
4033948
4033969
4033970
4034001
4034030
4034288
4034337
4034440
4034484
4034573
